health_score,open_issues,open_ratio,repository,stars,forks,language,total_contributors,core_contributors,contribution_gini,top_contributor_percentage,total_commits,commits_per_day,activity_ratio,unique_authors,recent_issues_count,recent_issues_per_day,recent_resolution_rate,avg_comments_per_issue,log_stars,log_contributors,contributors_per_star,commits_per_contributor,time_window_days
85,1027,0.2727272727272727,facebook/react,237663,49016,JavaScript,410,2,-0.12242633949020797,0.1027448714244438,726,4.033333333333333,0.7833333333333333,60,33,0.18333333333333332,0.7272727272727273,1.4545454545454546,12.378613190469023,6.018593214496234,0.0017251318042774853,1.7707317073170732,180
70,601,0.325,vuejs/vue,209194,33748,TypeScript,356,1,-0.1233326070068401,0.7259696458684655,0,0.0,0.0,0,10,0.05555555555555555,0.7,14.45,12.251022110313668,5.877735781779639,0.0017017696492251213,0.0,180
85,1572,0.5882352941176471,angular/angular,98376,26460,TypeScript,381,0,-0.1609198632765492,0.06256084106690894,1886,10.477777777777778,1.2944444444444445,188,17,0.09444444444444444,0.4117647058823529,2.176470588235294,11.496562315881533,5.945420608606575,0.003872895828250793,4.9501312335958,180
85,2317,0.48148148148148145,nodejs/node,112400,32314,JavaScript,427,0,-0.20217078350783566,0.08067869702492492,1314,7.3,1.1944444444444444,199,27,0.15,0.5185185185185185,2.2962962962962963,11.629828113199304,6.059123195581797,0.003798932384341637,3.0772833723653394,180
80,194,0.4666666666666667,expressjs/express,67429,19770,JavaScript,306,2,-0.07299468754106361,0.6556850819395168,59,0.3277777777777778,0.20555555555555555,21,15,0.08333333333333333,0.5333333333333333,1.8,11.118845301728628,5.726847747587197,0.004538106749321509,0.19281045751633988,180
85,227,0.07692307692307693,webpack/webpack,65452,9088,JavaScript,397,1,-0.09714921390859328,0.5555424944163629,308,1.711111111111111,0.5111111111111111,37,13,0.07222222222222222,0.9230769230769231,5.846153846153846,11.089087606804009,5.986452005284438,0.006065513658864511,0.7758186397984886,180
75,2329,0.8518518518518519,facebook/create-react-app,103383,27048,JavaScript,448,2,-0.25509822615355404,0.29020824102791315,3,0.016666666666666666,0.011111111111111112,2,37,0.20555555555555555,0.10810810810810811,4.203703703703703,11.546205490205027,6.1070228877422545,0.004333401042724626,0.006696428571428571,180
75,3272,0.5833333333333334,vercel/next.js,133468,28937,JavaScript,430,2,-0.1365785536429479,0.12324039244580602,2000,11.11111111111111,0.6111111111111112,128,24,0.13333333333333333,0.4166666666666667,0.8333333333333334,11.801624520119757,6.066108090103747,0.003221746036503132,4.651162790697675,180
85,826,0.5121951219512195,sveltejs/svelte,83576,4578,JavaScript,413,1,-0.08603313523810817,0.5011512663930323,535,2.9722222222222223,0.7111111111111111,63,41,0.22777777777777777,0.4878048780487805,2.5609756097560976,11.333523641603223,6.025865973825314,0.004941610031588016,1.2953995157384988,180
85,257,0.5531914893617021,jestjs/jest,44923,6581,TypeScript,429,2,-0.21245053781418938,0.2817254639692359,155,0.8611111111111112,0.26666666666666666,51,47,0.2611111111111111,0.44680851063829785,3.723404255319149,10.712727452082927,6.063785208687608,0.009549673886427888,0.3613053613053613,180
75,717,0.7419354838709677,typicode/json-server,74676,7196,JavaScript,78,1,-0.13538834692680846,0.8846153846153846,1,0.005555555555555556,0.005555555555555556,1,9,0.05,0.0,6.903225806451613,11.220927425450801,4.3694478524670215,0.0010445122931062188,0.01282051282051282,180
70,118,0.6170212765957447,lodash/lodash,60766,7075,JavaScript,219,1,-0.052665601601354174,0.8711689000928752,0,0.0,0.0,0,22,0.12222222222222222,0.22727272727272727,4.638297872340425,11.014802157447122,5.393627546352362,0.0036039890728367836,0.0,180
70,292,0.6666666666666666,moment/moment,48097,7053,JavaScript,397,2,-0.1759726692207664,0.3785059705637323,0,0.0,0.0,0,20,0.1111111111111111,0.3,3.2333333333333334,10.780995875187799,5.986452005284438,0.008254153065679773,0.0,180
80,482,0.7272727272727273,chartjs/Chart.js,66288,11961,JavaScript,426,2,-0.13059421932438514,0.33499095840867993,25,0.1388888888888889,0.08888888888888889,14,49,0.2722222222222222,0.32653061224489793,1.393939393939394,11.101779249890095,6.056784013228625,0.006426502534395365,0.05868544600938967,180
80,690,0.5333333333333333,axios/axios,107315,11182,JavaScript,442,3,-0.30794385185357515,0.20179948586118251,72,0.4,0.22777777777777777,36,45,0.25,0.4666666666666667,2.0,11.58353303213418,6.093569770045136,0.004118715929739552,0.16289592760180996,180
75,95,0.18518518518518517,jquery/jquery,59541,20562,JavaScript,293,2,-0.09491959161180732,0.27158928854381237,14,0.07777777777777778,0.05555555555555555,3,18,0.1,0.7222222222222222,3.6296296296296298,10.994437224868893,5.683579767338681,0.004920978821316404,0.04778156996587031,180
75,21,0.0,d3/d3,111152,22844,Shell,135,2,-0.07340745715493868,0.7297962838594135,2,0.011111111111111112,0.011111111111111112,2,6,0.03333333333333333,1.0,1.75,11.61866290958141,4.912654885736052,0.0012145530444796315,0.014814814814814815,180
85,561,0.5,twbs/bootstrap,172722,79122,MDX,358,2,-0.07364016395467853,0.44848028606379975,151,0.8388888888888889,0.4666666666666667,32,42,0.23333333333333334,0.5,1.5,12.059444434190233,5.883322388488279,0.0020726948506849157,0.42178770949720673,180
85,394,0.4864864864864865,facebook/metro,5435,663,JavaScript,328,2,-0.17068803096738833,0.12612359550561797,207,1.15,0.5722222222222222,28,37,0.20555555555555555,0.5135135135135135,3.7567567567567566,8.600798775271034,5.796057750765372,0.06034958601655934,0.6310975609756098,180
75,33,0.5333333333333333,gulpjs/gulp,33064,4211,JavaScript,224,2,-0.31619369554496135,0.22554660529344073,6,0.03333333333333333,0.005555555555555556,3,3,0.016666666666666666,0.3333333333333333,13.933333333333334,10.406230600108763,5.41610040220442,0.006774739898378902,0.026785714285714284,180
70,162,0.25,gruntjs/grunt,12270,1499,JavaScript,75,1,-0.11796850742958527,0.7604790419161677,0,0.0,0.0,0,1,0.005555555555555556,0.0,1.5,9.414994033976548,4.330733340286331,0.006112469437652812,0.0,180
70,2069,0.7777777777777778,yarnpkg/yarn,41548,2733,JavaScript,441,2,-0.30388293300072183,0.13385826771653545,0,0.0,0.0,0,10,0.05555555555555555,0.0,6.666666666666667,10.634628732605282,6.091309882077698,0.010614229325117935,0.0,180
80,583,0.5217391304347826,parcel-bundler/parcel,43919,2262,JavaScript,408,2,-0.17155007164155986,0.30414746543778803,84,0.4666666666666667,0.17222222222222222,7,69,0.38333333333333336,0.4782608695652174,2.072463768115942,10.690125076183412,6.013715156042802,0.009289829003392609,0.20588235294117646,180
85,600,0.5,rollup/rollup,25905,1609,JavaScript,388,2,-0.09288325269318354,0.4324826770322799,163,0.9055555555555556,0.3277777777777778,30,30,0.16666666666666666,0.5,3.0,10.162229881090202,5.963579343618446,0.01497780351283536,0.42010309278350516,180
85,2162,0.7368421052631579,storybookjs/storybook,87348,9627,TypeScript,370,2,-0.0911728326259627,0.2255224503035077,2000,11.11111111111111,0.5611111111111111,54,38,0.2111111111111111,0.2631578947368421,2.1052631578947367,11.377666867299762,5.916202062607435,0.004235929843843019,5.405405405405405,180
85,9210,0.6176470588235294,python/cpython,68066,32458,Python,351,0,-0.17301334024406165,0.09732534447629243,2000,11.11111111111111,0.7611111111111111,372,34,0.18888888888888888,0.38235294117647056,3.764705882352941,11.12824779319225,5.863631175598097,0.005156759615667147,5.698005698005698,180
80,14,0.19230769230769232,pallets/flask,70061,16503,Python,401,2,-0.12925855161723868,0.3619086965502995,48,0.26666666666666666,0.09444444444444444,8,24,0.13333333333333333,0.8333333333333334,2.1538461538461537,11.15713584330377,5.996452088619021,0.005723583734174505,0.11970074812967581,180
60,352,0.0,django/django,84381,32738,Python,392,1,-0.1406840352320519,0.11943056601190884,404,2.2444444444444445,0.9944444444444445,115,0,0.0,0.0,0.0,11.343109387696558,5.973809611869261,0.004645595572462995,1.030612244897959,180
85,2320,0.38461538461538464,numpy/numpy,30029,11124,Python,435,1,-0.13874179499414951,0.19477281640428035,1231,6.838888888888889,0.9388888888888889,127,26,0.14444444444444443,0.6153846153846154,5.423076923076923,10.309952160977376,6.077642243349034,0.01448599686969263,2.829885057471264,180
85,3738,0.6578947368421053,pandas-dev/pandas,46115,18731,Python,413,3,-0.14122576199552533,0.16345604303244243,398,2.2111111111111112,0.7277777777777777,130,38,0.2111111111111111,0.34210526315789475,2.736842105263158,10.738915240352844,6.025865973825314,0.008955871191586251,0.9636803874092009,180
80,268,0.22448979591836735,psf/requests,53100,9507,Python,402,3,-0.20530666472830653,0.2721861471861472,41,0.22777777777777777,0.16111111111111112,18,49,0.2722222222222222,0.7755102040816326,2.2244897959183674,10.879951039444416,5.998936561946683,0.0075706214689265534,0.10199004975124377,180
85,920,0.4411764705882353,pytest-dev/pytest,12917,2833,Python,375,3,-0.11316571841416057,0.26402059062584665,245,1.3611111111111112,0.5555555555555556,51,34,0.18888888888888888,0.5588235294117647,3.588235294117647,9.466376966592419,5.929589143389895,0.029031508864287372,0.6533333333333333,180
85,2163,0.16,scikit-learn/scikit-learn,62799,26086,Python,410,1,-0.18721563456634946,0.10673234811165845,554,3.077777777777778,0.7333333333333333,159,25,0.1388888888888889,0.84,3.16,11.04771035245629,6.018593214496234,0.00652876638163028,1.351219512195122,180
85,1656,0.6296296296296297,matplotlib/matplotlib,21480,7938,Python,420,2,-0.11196020532755227,0.13700036227508755,814,4.522222222222222,1.1111111111111112,97,27,0.15,0.37037037037037035,3.6296296296296298,9.974924102473977,6.042632833682381,0.019553072625698324,1.938095238095238,180
85,1755,0.5476190476190477,scipy/scipy,13857,5433,Python,414,1,-0.16686733251451302,0.12791064554805326,1174,6.522222222222222,1.05,127,42,0.23333333333333334,0.4523809523809524,4.428571428571429,9.536617962187327,6.028278520230698,0.02987659666594501,2.8357487922705316,180
80,97,0.41379310344827586,encode/django-rest-framework,29346,6984,Python,385,1,-0.16009418301942063,0.5410696552702511,35,0.19444444444444445,0.16111111111111112,26,28,0.15555555555555556,0.5714285714285714,2.3448275862068964,10.286945605381202,5.955837369464831,0.013119334832685885,0.09090909090909091,180
85,759,0.4,celery/celery,26896,4818,Python,396,1,-0.1256489133761861,0.6837575757575758,103,0.5722222222222222,0.3611111111111111,35,35,0.19444444444444445,0.6,2.142857142857143,10.199770035207079,5.983936280687191,0.014723378941106485,0.2601010101010101,180
85,240,0.4,sqlalchemy/sqlalchemy,10697,1562,Python,407,1,-0.04487706831869925,0.8199870747899654,276,1.5333333333333334,0.6388888888888888,40,45,0.25,0.6,3.4,9.277812087091196,6.0112671744041615,0.03804805085538001,0.6781326781326781,180
85,34,0.4090909090909091,joke2k/faker,18572,2005,Python,415,1,-0.1761628710363025,0.5712725286728564,108,0.6,0.09444444444444444,27,36,0.2,0.5277777777777778,2.0681818181818183,9.829464192187341,6.030685260261263,0.02234546629334482,0.26024096385542167,180
85,129,0.3076923076923077,python-pillow/Pillow,12946,2311,Python,384,3,-0.05769295528017242,0.3404146141215107,617,3.4277777777777776,0.7888888888888889,16,26,0.14444444444444443,0.6923076923076923,4.5,9.468619380058648,5.953243334287785,0.029661671558782635,1.6067708333333333,180
85,210,0.1951219512195122,tornadoweb/tornado,22071,5534,Python,371,1,-0.1151623373972598,0.7615750757247944,98,0.5444444444444444,0.21666666666666667,10,22,0.12222222222222222,0.8181818181818182,3.1219512195121952,10.002065115897121,5.918893854273146,0.016809387884554394,0.2641509433962264,180
75,282,0.16,bottlepy/bottle,8633,1485,Python,186,1,-0.1370374762808349,0.7536764705882353,16,0.08888888888888889,0.05,7,8,0.044444444444444446,0.875,4.24,9.063463176115423,5.231108616854587,0.02154523340669524,0.08602150537634409,180
85,1063,0.4888888888888889,pypa/pip,9874,3116,Python,392,2,-0.13272866111044987,0.20825986708259867,383,2.1277777777777778,0.7166666666666667,51,45,0.25,0.5111111111111111,3.2222222222222223,9.197761589769323,5.973809611869261,0.0397002228073729,0.9770408163265306,180
85,645,0.32653061224489793,pypa/setuptools,2727,1293,Python,389,2,-0.10659722593809808,0.4821538251552583,483,2.683333333333333,0.4777777777777778,19,49,0.2722222222222222,0.673469387755102,3.36734693877551,7.911324018963353,5.966146739123692,0.14264759809314265,1.2416452442159382,180
80,36,0.3225806451612903,pypa/virtualenv,4946,1061,Python,140,2,-0.1952456061288869,0.6182965299684543,76,0.4222222222222222,0.17777777777777778,15,21,0.11666666666666667,0.8095238095238095,2.935483870967742,8.506536611227709,4.948759890378168,0.028305701577031946,0.5428571428571428,180
85,194,0.410958904109589,boto/boto3,9456,1920,Python,140,1,-0.06726285964290923,0.7008896018667056,408,2.2666666666666666,0.6611111111111111,12,73,0.40555555555555556,0.589041095890411,2.6986301369863015,9.154510487015513,4.948759890378168,0.014805414551607445,2.914285714285714,180
75,1128,0.6341463414634146,paramiko/paramiko,9454,2020,Python,137,1,-0.09033281195689954,0.8142857142857143,6,0.03333333333333333,0.016666666666666666,2,19,0.10555555555555556,0.3157894736842105,4.2682926829268295,9.154298981092557,4.927253685157205,0.01449122064734504,0.043795620437956206,180
75,486,0.8333333333333334,fabric/fabric,15184,1948,Python,17,1,-0.24650907091808685,0.9825545171339564,2,0.011111111111111112,0.005555555555555556,1,9,0.05,0.1111111111111111,4.944444444444445,9.62806337747985,2.8903717578961645,0.001119599578503688,0.11764705882352941,180
85,857,0.5714285714285714,ansible/ansible,65743,24047,Python,375,2,-0.19163806680409765,0.1208681847262043,287,1.5944444444444446,0.55,38,28,0.15555555555555556,0.42857142857142855,3.3214285714285716,11.093523691123192,5.929589143389895,0.00570402932631611,0.7653333333333333,180
85,662,0.5185185185185185,scrapy/scrapy,57763,10971,Python,370,3,-0.11271691320764932,0.21512268402603907,202,1.1222222222222222,0.43333333333333335,15,27,0.15,0.48148148148148145,3.074074074074074,10.964121023246456,5.916202062607435,0.006405484479684227,0.5459459459459459,180
75,581,0.15294117647058825,spring-projects/spring-boot,77909,41346,Java,357,3,-0.03673582409249338,0.3653458185832287,2000,11.11111111111111,0.6722222222222223,41,85,0.4722222222222222,0.8470588235294118,0.5764705882352941,11.263309593324903,5.8805329864007,0.004582269057490149,5.602240896358543,180
85,5305,0.5652173913043478,elastic/elasticsearch,73359,25347,Java,347,0,-0.21602250774603823,0.057875750532636064,2000,11.11111111111111,0.5388888888888889,179,23,0.12777777777777777,0.43478260869565216,1.565217391304348,11.203134106930346,5.8522024797744745,0.004730162624899467,5.763688760806916,180
60,244,0.0,apache/kafka,30574,14525,Java,347,0,-0.28855347416438537,0.05287644930211949,1183,6.572222222222222,0.95,145,0,0.0,0.0,0.0,10.327937960555372,5.8522024797744745,0.011349512657813829,3.409221902017291,180
85,720,0.6,google/guava,50977,11032,Java,322,2,-0.09716277549282712,0.39115229935303375,215,1.1944444444444444,0.5,17,5,0.027777777777777776,0.4,5.2,10.83914944608954,5.777652323222656,0.006316574141279401,0.6677018633540373,180
80,13,0.13333333333333333,ReactiveX/RxJava,48219,7606,Java,289,2,-0.09392216740485639,0.35291033036182484,40,0.2222222222222222,0.13333333333333333,3,12,0.06666666666666667,0.9166666666666666,3.466666666666667,10.783529151735163,5.66988092298052,0.005993488044131981,0.1384083044982699,180
85,131,0.42857142857142855,junit-team/junit-framework,6745,1569,Java,236,2,-0.05937978303956213,0.3846233874323762,877,4.872222222222222,0.7888888888888889,17,28,0.15555555555555556,0.5714285714285714,2.7857142857142856,8.816705015621595,5.4680601411351315,0.03498888065233506,3.7161016949152543,180
80,462,0.475,mockito/mockito,15239,2622,Java,296,2,-0.08353136406681398,0.49185721335746013,49,0.2722222222222222,0.18888888888888888,13,40,0.2222222222222222,0.525,1.65,9.631678829240638,5.6937321388027,0.019423846709101647,0.16554054054054054,180
85,118,0.10526315789473684,square/okhttp,46537,9228,Kotlin,267,4,-0.08185370344172108,0.27611278595495653,226,1.2555555555555555,0.5222222222222223,12,19,0.10555555555555556,0.8947368421052632,4.157894736842105,10.748024462146892,5.5909869805108565,0.005737370264520704,0.846441947565543,180
75,685,0.6363636363636364,apache/maven,4720,2764,Java,209,3,-0.08477982056653457,0.18606958123715722,344,1.9111111111111112,0.6611111111111111,21,22,0.12222222222222222,0.36363636363636365,0.9545454545454546,8.459775920546287,5.3471075307174685,0.044279661016949155,1.645933014354067,180
85,3146,0.7142857142857143,gradle/gradle,17889,4986,Groovy,345,1,-0.0912908375075812,0.11156145506130306,2000,11.11111111111111,0.5666666666666667,62,35,0.19444444444444445,0.2857142857142857,1.0571428571428572,9.791997176502765,5.846438775057725,0.01928559449941305,5.797101449275362,180
60,17,0.0,apache/tomcat,7893,5211,Java,134,2,-0.047092146406488865,0.7637894055279025,448,2.488888888888889,0.6,20,0,0.0,0.0,0.0,8.973858256222792,4.90527477843843,0.01697706828835677,3.343283582089552,180
60,64,0.0,apache/commons-lang,2830,1702,Java,229,2,-0.08013896289939723,0.5182250396196514,337,1.8722222222222222,0.4444444444444444,17,0,0.0,0.0,0.0,7.9483852851118995,5.438079308923196,0.08091872791519435,1.4716157205240175,180
0,0,0.0,Unknown,0,0,Unknown,0,0,0.0,0.0,0,0.0,0.0,0,0,0.0,0.0,0.0,0.0,0.0,0.0,0.0,180
85,381,0.47619047619047616,FasterXML/jackson-databind,3602,1436,Java,260,1,-0.052645410281573185,0.8959764474975466,224,1.2444444444444445,0.3888888888888889,18,42,0.23333333333333334,0.5238095238095238,5.238095238095238,8.189522110748094,5.564520407322694,0.07218212104386452,0.8615384615384616,180
85,159,0.2857142857142857,square/retrofit,43635,7324,HTML,158,2,-0.11254714544045466,0.5681632653061225,130,0.7222222222222222,0.37777777777777777,4,7,0.03888888888888889,0.7142857142857143,2.0,10.683637776717648,5.0689042022202315,0.0036209464879110803,0.8227848101265823,180
80,324,0.34210526315789475,google/gson,23905,4335,Java,155,4,-0.12960151802656547,0.32745098039215687,52,0.28888888888888886,0.17222222222222222,9,20,0.1111111111111111,0.7,4.473684210526316,10.081884752437926,5.049856007249537,0.006483999163354947,0.33548387096774196,180
45,231,0.0,apache/lucene-solr,4373,2641,,229,2,-0.11192458391043664,0.12101554267650158,0,0.0,0.0,0,0,0.0,0.0,0.0,8.383433201236713,5.438079308923196,0.05236679624971415,0.0,180
60,164,0.0,hibernate/hibernate-orm,6201,3665,Java,366,3,-0.07082869859950494,0.19656240631557909,1488,8.266666666666667,1.1166666666666667,69,0,0.0,0.0,0.0,8.732627099660395,5.905361848054571,0.059022738268021284,4.065573770491803,180
85,200,0.4,mybatis/mybatis-3,20163,12947,Java,243,3,-0.09565354411500647,0.25129118432769365,151,0.8388888888888889,0.45,10,25,0.1388888888888889,0.6,2.48,9.911654115202522,5.497168225293202,0.012051778009224818,0.6213991769547325,180
85,296,0.18181818181818182,spring-projects/spring-framework,58539,38601,Java,355,3,-0.04665479383626353,0.26391030583397584,1272,7.066666666666666,0.95,71,77,0.42777777777777776,0.8181818181818182,1.3116883116883118,10.977465560245877,5.87493073085203,0.0060643331795896755,3.583098591549296,180
35,487,0.0,torvalds/linux,198461,57111,C,0,0,0.0,0.0,2000,11.11111111111111,0.5388888888888889,694,0,0.0,0.0,0.0,12.198352925014955,0.0,0.0,2000.0,180
85,1674,0.4827586206896552,microsoft/terminal,99020,8673,C++,413,3,-0.1302180767976153,0.20372398685651696,149,0.8277777777777777,0.37777777777777777,30,58,0.32222222222222224,0.5172413793103449,2.1724137931034484,11.503087227834325,6.025865973825314,0.004170874570793779,0.36077481840193704,180
85,2627,0.625,redis/redis,70217,24138,C,382,1,-0.08397728827711474,0.5977193274513068,353,1.961111111111111,0.6722222222222223,55,32,0.17777777777777778,0.375,4.4375,11.159359967402821,5.948034989180646,0.00544027799535725,0.9240837696335078,180
80,251,0.6410256410256411,nginx/nginx,27565,7442,C,80,2,-0.10083313389972479,0.4407083881775757,79,0.4388888888888889,0.26666666666666666,8,39,0.21666666666666667,0.358974358974359,1.564102564102564,10.224338408254384,4.394449154672439,0.002902231090150553,0.9875,180
85,41,0.5384615384615384,curl/curl,38409,6798,C,411,1,-0.05488508367533201,0.5650838234003336,1510,8.38888888888889,1.0777777777777777,106,13,0.07222222222222222,0.46153846153846156,5.3076923076923075,10.556073121339951,6.021023349349527,0.010700617042880575,3.6739659367396595,180
60,246,0.0,git/git,55787,26443,C,423,1,-0.150163240997824,0.3794696441032798,1696,9.422222222222222,0.9722222222222222,119,0,0.0,0.0,0.0,10.929314071478585,6.049733455231958,0.007582411672970405,4.009456264775413,180
80,196,0.375,libuv/libuv,25567,3727,C,444,2,-0.1435413436548393,0.3270738753611226,80,0.4444444444444444,0.28888888888888886,36,32,0.17777777777777778,0.625,4.25,10.149096848566002,6.09807428216624,0.017366136034732273,0.18018018018018017,180
35,16,0.0,sqlite/sqlite,8127,1218,C,0,0,0.0,0.0,731,4.061111111111111,0.8666666666666667,4,0,0.0,0.0,0.0,9.003070169818264,0.0,0.0,731.0,180
85,2747,0.65625,opencv/opencv,83276,56238,C++,273,2,-0.15514914033965077,0.3848070932183082,503,2.7944444444444443,0.8055555555555556,97,32,0.17777777777777778,0.34375,2.0625,11.32992767958525,5.6131281063880705,0.003278255439742543,1.8424908424908424,180
75,1419,0.7352941176470589,microsoft/vcpkg,25301,6978,CMake,419,2,-0.2562369994088152,0.11371559633027523,1487,8.261111111111111,0.7888888888888889,316,34,0.18888888888888888,0.2647058823529412,0.8823529411764706,10.138638722974616,6.040254711277414,0.01656061025255919,3.548926014319809,180
80,376,0.6222222222222222,jemalloc/jemalloc,10300,1540,C,160,3,-0.11564587508350034,0.3456913827655311,46,0.25555555555555554,0.18888888888888888,14,31,0.17222222222222222,0.3548387096774194,4.511111111111111,9.239996256883693,5.081404364984463,0.015533980582524271,0.2875,180
80,89,0.6,memcached/memcached,13903,3307,C,191,2,-0.14566174100939872,0.5459132189707366,25,0.1388888888888889,0.07777777777777778,5,12,0.06666666666666667,0.3333333333333333,7.95,9.539931847505173,5.2574953720277815,0.013738042149176437,0.13089005235602094,180
80,120,0.23333333333333334,gperftools/gperftools,8766,1526,C++,107,1,-0.18483195645008665,0.7599544937428896,38,0.2111111111111111,0.1111111111111111,2,18,0.1,0.7777777777777778,5.033333333333333,9.078749951588586,4.68213122712422,0.012206251425963951,0.35514018691588783,180
75,363,0.8666666666666667,google/leveldb,37935,8034,C++,54,2,-0.2547209181011998,0.4507042253521127,1,0.005555555555555556,0.005555555555555556,1,5,0.027777777777777776,0.0,1.8,10.543655808305187,4.007333185232471,0.0014234875444839859,0.018518518518518517,180
75,1237,0.8421052631578947,facebook/rocksdb,30142,6559,C++,298,2,-0.173622668207132,0.11595744680851064,252,1.4,0.6555555555555556,36,19,0.10555555555555556,0.15789473684210525,0.7368421052631579,10.313708002728152,5.700443573390687,0.009886537057925818,0.8456375838926175,180
75,359,0.7115384615384616,zeromq/libzmq,10392,2429,C++,361,3,-0.13603572876974204,0.20654423176409725,7,0.03888888888888889,0.027777777777777776,7,30,0.16666666666666666,0.3,3.5961538461538463,9.248887781588422,5.8916442118257715,0.03473826020015396,0.019390581717451522,180
75,138,0.8275862068965517,libevent/libevent,11603,3445,C,255,3,-0.09655798182881839,0.44570732697381776,3,0.016666666666666666,0.016666666666666666,3,17,0.09444444444444444,0.11764705882352941,1.5517241379310345,9.359105145241294,5.545177444479562,0.021977074894423857,0.011764705882352941,180
60,3,0.0,FFmpeg/FFmpeg,51547,12866,C,314,1,-0.12530649878886838,0.28742677317840715,2000,11.11111111111111,1.4166666666666667,110,0,0.0,0.0,0.0,10.850268691408282,5.752572638825633,0.006091528119968184,6.369426751592357,180
85,9429,0.40963855421686746,golang/go,129113,18276,Go,383,1,-0.1750942533703821,0.1327080352569198,1430,7.944444444444445,1.6166666666666667,202,83,0.46111111111111114,0.5903614457831325,3.0602409638554215,11.768451014022599,5.950642552587727,0.002966393779092733,3.733681462140992,180
85,2497,0.7878787878787878,kubernetes/kubernetes,116572,41031,Go,346,1,-0.2975790182926621,0.28813244695044843,2000,11.11111111111111,0.8222222222222222,214,33,0.18333333333333332,0.21212121212121213,4.666666666666667,11.666272965192228,5.849324779946859,0.0029681227052808564,5.780346820809249,180
75,3622,0.8888888888888888,moby/moby,70377,18787,Go,398,1,-0.13185784060699013,0.24106066693451186,2000,11.11111111111111,1.0,46,18,0.1,0.1111111111111111,0.5,11.161635993307835,5.988961416889864,0.005655256688975091,5.025125628140704,180
85,696,0.6451612903225806,prometheus/prometheus,59669,9676,Go,352,2,-0.15518116688551153,0.12914874001229257,863,4.794444444444444,0.8333333333333334,120,31,0.17222222222222222,0.3548387096774194,1.1290322580645162,10.996584660516127,5.8664680569332965,0.005899210645393755,2.4517045454545454,180
75,3765,1.0,grafana/grafana,69200,12795,TypeScript,373,1,-0.24803547326392883,0.18285061247812578,2000,11.11111111111111,0.4666666666666667,238,26,0.14444444444444443,0.0,0.5384615384615384,11.1447705923684,5.924255797414532,0.005390173410404624,5.361930294906166,180
75,3622,0.8888888888888888,moby/moby,70377,18787,Go,398,1,-0.13185784060699013,0.24106066693451186,2000,11.11111111111111,1.0,46,18,0.1,0.1111111111111111,0.5,11.161635993307835,5.988961416889864,0.005655256688975091,5.025125628140704,180
85,846,0.7272727272727273,helm/helm,28280,7288,Go,373,3,-0.183557303024112,0.17776049766718507,657,3.65,0.9111111111111111,70,33,0.18333333333333332,0.2727272727272727,2.909090909090909,10.24994548006426,5.924255797414532,0.01318953323903819,1.7613941018766757,180
85,1950,0.5,hashicorp/terraform,45944,9948,Go,357,2,-0.13401008030189596,0.13565362198168193,572,3.1777777777777776,0.6333333333333333,72,24,0.13333333333333333,0.5,2.125,10.735200307934985,5.8805329864007,0.007770329096291137,1.6022408963585435,180
85,293,0.5625,etcd-io/etcd,49919,10117,Go,373,2,-0.09704838089452775,0.21532182721148646,1046,5.811111111111111,0.9944444444444445,58,16,0.08888888888888889,0.4375,4.4375,10.81817700304331,5.924255797414532,0.007472104809791863,2.804289544235925,180
85,2126,0.625,influxdata/influxdb,30382,3635,Rust,318,0,-0.14307574163354006,0.05349015270747373,249,1.3833333333333333,0.6166666666666667,15,40,0.2222222222222222,0.375,2.3,10.321638520451476,5.765191102784844,0.010466723717990916,0.7830188679245284,180
85,440,0.8095238095238095,containerd/containerd,19040,3618,Go,428,4,-0.10189538862860612,0.12403826854887268,669,3.716666666666667,0.85,64,21,0.11666666666666667,0.19047619047619047,3.238095238095238,9.85434982797458,6.061456918928017,0.022478991596638655,1.5630841121495327,180
75,545,0.6538461538461539,istio/istio,37079,8024,Go,366,2,-0.18413255240729798,0.16360712850060297,790,4.388888888888889,0.9833333333333333,100,26,0.14444444444444443,0.34615384615384615,0.8846153846153846,10.520833019679792,5.905361848054571,0.009870816365058389,2.158469945355191,180
75,7509,0.8382352941176471,cockroachdb/cockroach,31124,3939,Go,320,0,-0.18230746738270953,0.0731813389562467,2000,11.11111111111111,0.5555555555555556,95,68,0.37777777777777777,0.16176470588235295,0.6470588235294118,10.345766633767008,5.771441123130016,0.010281454825857858,6.25,180
70,1311,1.0,hashicorp/consul,29162,4495,Go,355,0,-0.16638720387558859,0.09573228846764799,86,0.4777777777777778,0.3111111111111111,32,3,0.016666666666666666,0.0,0.3333333333333333,10.280656061489179,5.87493073085203,0.012173376311638433,0.24225352112676057,180
75,1354,1.0,hashicorp/vault,32819,4416,Go,391,1,-0.1708675487939702,0.2160562929793699,847,4.705555555555556,0.7333333333333333,123,14,0.07777777777777778,0.0,0.2857142857142857,10.398793364644082,5.971261839790462,0.011913830403120143,2.166240409207161,180
85,28,0.5217391304347826,flannel-io/flannel,9199,2889,Go,228,2,-0.20590650525880727,0.17792932424054556,101,0.5611111111111111,0.2388888888888889,12,21,0.11666666666666667,0.47619047619047616,2.0,9.126958763037132,5.43372200355424,0.024785302750298947,0.44298245614035087,180
70,34,0.4,gorilla/mux,21500,1872,Go,101,2,-0.4415841584158416,0.21785714285714286,0,0.0,0.0,0,3,0.016666666666666666,0.0,7.6,9.975854724662028,4.624972813284271,0.004697674418604652,0.0,180
80,864,0.5882352941176471,gin-gonic/gin,83346,8278,Go,438,2,-0.27325660686143777,0.25055309734513276,65,0.3611111111111111,0.1388888888888889,32,34,0.18888888888888888,0.4117647058823529,1.9705882352941178,11.330767894729744,6.0844994130751715,0.005255201209416169,0.14840182648401826,180
85,1504,0.8333333333333334,tensorflow/tensorflow,190935,74769,C++,410,1,-0.32616332471420206,0.3687127199268389,2000,11.11111111111111,0.3388888888888889,213,6,0.03333333333333333,0.16666666666666666,1.3333333333333333,12.15969357234338,6.018593214496234,0.002147327624584283,4.878048780487805,180
75,16657,0.9444444444444444,pytorch/pytorch,91836,24788,Python,321,0,-0.42483646419051974,0.05496572225929746,2000,11.11111111111111,0.2777777777777778,339,36,0.2,0.05555555555555555,0.8888888888888888,11.427770545514637,5.7745515455444085,0.0034953612962237033,6.230529595015576,180
85,1897,0.8518518518518519,huggingface/transformers,147574,29808,Python,436,0,-0.21149949649633293,0.08740684602753568,1903,10.572222222222223,0.7888888888888889,529,27,0.15,0.14814814814814814,1.7777777777777777,11.90209180010889,6.07993319509559,0.002954449970862076,4.364678899082569,180
75,16,0.5454545454545454,microsoft/ML-For-Beginners,75761,16747,HTML,128,1,-0.22561318195908245,0.44575325480471173,13,0.07222222222222222,0.05,4,11,0.06111111111111111,0.45454545454545453,2.5454545454545454,11.235352126666735,4.859812404361672,0.0016895236335317644,0.1015625,180
50,89,0.0,openai/whisper,85679,10502,Python,78,1,-0.5216006216006216,0.43636363636363634,12,0.06666666666666667,0.016666666666666666,8,0,0.0,0.0,0.0,11.35837470512163,4.3694478524670215,0.0009103747709473734,0.15384615384615385,180
75,296,0.782608695652174,keras-team/keras,63259,19593,Python,405,1,-0.18874942888376978,0.37851191629529163,304,1.6888888888888889,0.6888888888888889,75,23,0.12777777777777777,0.21739130434782608,1.0,11.05500849685964,6.0063531596017325,0.006402251063089837,0.7506172839506173,180
60,195,0.0,apache/spark,41554,28702,Scala,335,0,-0.2909942995684758,0.05146999380204263,1530,8.5,0.9388888888888889,196,0,0.0,0.0,0.0,10.634773129987126,5.817111159963204,0.008061799104779324,4.567164179104478,180
85,1239,0.8611111111111112,streamlit/streamlit,40621,3614,Python,270,3,-0.10792763720816526,0.1615841584158416,1003,5.572222222222222,0.85,53,36,0.2,0.1388888888888889,2.388888888888889,10.61206507075143,5.602118820879701,0.0066468083011250335,3.714814814814815,180
75,1916,0.5,mlflow/mlflow,21354,4708,Python,453,1,-0.13287412649320757,0.2984476067270375,1177,6.538888888888889,0.8,93,14,0.07777777777777778,0.5,0.9285714285714286,9.969041183275566,6.118097198041348,0.021213824107895476,2.598233995584989,180
45,417,0.0,microsoft/nni,14237,1823,Python,175,2,-0.1697844611528822,0.13543859649122808,0,0.0,0.0,0,0,0.0,0.0,0.0,9.563669725663818,5.170483995038151,0.01229191543162183,0.0,180
75,2981,1.0,ray-project/ray,38216,6653,Python,413,0,-0.19280737714355878,0.05398842527014448,2000,11.11111111111111,0.8055555555555556,217,26,0.14444444444444443,0.0,0.34615384615384615,10.551035721777897,6.025865973825314,0.01080699183588026,4.842615012106537,180
85,465,0.4827586206896552,dmlc/xgboost,27166,8794,C++,402,2,-0.10282308245170997,0.25295109612141653,172,0.9555555555555556,0.4888888888888889,19,29,0.16111111111111112,0.5172413793103449,4.379310344827586,10.20975828042422,5.998936561946683,0.014797909151144813,0.42786069651741293,180
85,639,0.725,catboost/catboost,8488,1231,C++,195,1,-0.1337855715628222,0.4379670264500059,559,3.1055555555555556,0.8722222222222222,83,76,0.4222222222222222,0.2631578947368421,1.2875,9.046526486737967,5.278114659230517,0.022973609802073514,2.8666666666666667,180
80,459,0.6206896551724138,microsoft/LightGBM,17432,3918,C++,317,3,-0.1257482085693657,0.23981405523653268,52,0.28888888888888886,0.21666666666666667,13,58,0.32222222222222224,0.3793103448275862,2.5172413793103448,9.766120240743215,5.762051382780177,0.018184947223497016,0.1640378548895899,180
85,63,0.5333333333333333,optuna/optuna,12369,1139,Python,271,0,-0.15437155396641639,0.096088481251686,724,4.022222222222222,0.6833333333333333,52,15,0.08333333333333333,0.4666666666666667,2.1333333333333333,9.423029465386534,5.605802066295998,0.021909612741531248,2.6715867158671585,180
75,12053,0.6216216216216216,microsoft/vscode,175073,34001,TypeScript,328,1,-0.08643292444491242,0.10683058827209735,2000,11.11111111111111,0.32222222222222224,126,74,0.4111111111111111,0.3783783783783784,0.8648648648648649,12.072964020669621,5.796057750765372,0.001873504195392779,6.097560975609756,180
0,0,0.0,Unknown,0,0,Unknown,0,0,0.0,0.0,0,0.0,0.0,0,0,0.0,0.0,0.0,0.0,0.0,0.0,0.0,180
45,993,0.0,atom/atom,60561,17314,JavaScript,325,1,-0.08057056992462258,0.3690728238724883,0,0.0,0.0,0,0,0.0,0.0,0.0,11.01142291266509,5.786897381366708,0.005366489985304074,0.0,180
85,1972,0.6333333333333333,neovim/neovim,91447,6211,Vim Script,434,2,-0.10691353096991908,0.1652283464566929,1674,9.3,1.1166666666666667,147,30,0.16666666666666666,0.36666666666666664,2.433333333333333,11.423525783705614,6.075346031088684,0.0047459184008223345,3.857142857142857,180
75,1467,0.7,prettier/prettier,50772,4538,JavaScript,431,3,-0.08063461812838046,0.22206463377570662,509,2.827777777777778,0.65,36,40,0.2222222222222222,0.3,0.8,10.835119996209482,6.068425588244111,0.008488930906799023,1.1809744779582367,180
85,92,0.4186046511627907,eslint/eslint,26135,4766,JavaScript,414,1,-0.13504891376322167,0.3032181168057211,335,1.8611111111111112,0.6722222222222223,50,43,0.2388888888888889,0.5813953488372093,3.1627906976744184,10.171068953280907,6.028278520230698,0.015840826477903195,0.8091787439613527,180
85,753,0.21428571428571427,babel/babel,43667,5724,TypeScript,411,1,-0.09074894123996122,0.3453359962406015,270,1.5,0.5888888888888889,23,28,0.15555555555555556,0.7857142857142857,3.642857142857143,10.68437084740016,6.021023349349527,0.009412141892046626,0.656934306569343,180
80,28,0.2916666666666667,postcss/postcss,28827,1578,TypeScript,382,1,-0.12108402712213544,0.7608047690014903,41,0.22777777777777777,0.10555555555555556,15,21,0.11666666666666667,0.7142857142857143,3.3333333333333335,10.269102416044332,5.948034989180646,0.013251465639851528,0.10732984293193717,180
85,167,0.3333333333333333,stylelint/stylelint,11304,971,JavaScript,418,4,-0.1021442469176976,0.23868794845511787,234,1.3,0.4111111111111111,26,24,0.13333333333333333,0.6666666666666666,2.375,9.33300038471207,6.037870919922137,0.03697806086341118,0.5598086124401914,180
70,457,0.35714285714285715,jshint/jshint,9031,1637,JavaScript,244,2,-0.16539838690858177,0.2873665480427046,0,0.0,0.0,0,9,0.05,0.7777777777777778,3.5,9.108529105829499,5.501258210544727,0.02701804894253128,0.0,180
85,250,0.7096774193548387,facebook/watchman,13210,1027,C++,291,2,-0.13071633130312574,0.42582482791360077,264,1.4666666666666666,0.9,56,14,0.07777777777777778,0.21428571428571427,10.612903225806452,9.488805094878353,5.676753802268282,0.02202876608629826,0.9072164948453608,180
0,0,0.0,Unknown,0,0,Unknown,0,0,0.0,0.0,0,0.0,0.0,0,0,0.0,0.0,0.0,0.0,0.0,0.0,0.0,180
70,380,0.23809523809523808,browserify/browserify,14691,1202,JavaScript,170,2,-0.4048334775086505,0.17095588235294118,0,0.0,0.0,0,2,0.011111111111111112,0.5,3.7142857142857144,9.595058406939557,5.14166355650266,0.01157171057109795,0.0,180
80,100,0.18421052631578946,shelljs/shelljs,14364,738,JavaScript,84,2,-0.18138187478381182,0.4406779661016949,46,0.25555555555555554,0.1,5,10,0.05555555555555555,0.7,5.526315789473684,9.57254997141339,4.442651256490317,0.005847953216374269,0.5476190476190477,180
70,191,0.9,commitizen/cz-cli,17262,557,JavaScript,86,3,-0.30679544886221555,0.2849462365591398,0,0.0,0.0,0,1,0.005555555555555556,0.0,4.8,9.756320761816548,4.465908118654584,0.004982041478391843,0.0,180
85,12050,0.6730769230769231,flutter/flutter,171565,28906,Dart,382,2,-0.15148212419384013,0.24252905186757326,2000,11.11111111111111,0.7388888888888889,210,52,0.28888888888888886,0.3269230769230769,1.0769230769230769,12.052723311206492,5.948034989180646,0.0022265613615830735,5.2356020942408374,180
85,1061,0.631578947368421,facebook/react-native,123180,24769,C++,308,0,-0.27844212725635653,0.05376918420396681,2000,11.11111111111111,0.6055555555555555,163,19,0.10555555555555556,0.3684210526315789,3.4210526315789473,11.72141009740909,5.733341276897746,0.0025004059100503327,6.4935064935064934,180
85,587,0.7741935483870968,ionic-team/ionic-framework,51928,13441,TypeScript,395,4,-0.06700912464289445,0.17775385719411554,190,1.0555555555555556,0.35555555555555557,24,31,0.17222222222222222,0.22580645161290322,1.3225806451612903,10.857632679961252,5.981414211254481,0.007606686180865814,0.4810126582278481,180
65,49,0.15789473684210525,apache/cordova,667,69,,9,4,-0.9024943310657596,0.24489795918367346,1,0.005555555555555556,0.005555555555555556,1,5,0.027777777777777776,0.8,3.4210526315789473,6.504288173536645,2.302585092994046,0.013493253373313344,0.1111111111111111,180
0,0,0.0,Unknown,0,0,Unknown,0,0,0.0,0.0,0,0.0,0.0,0,0,0.0,0.0,0.0,0.0,0.0,0.0,0.0,180
70,914,0.64,NativeScript/NativeScript,24915,1670,TypeScript,233,2,-0.13691687833931857,0.1310204081632653,76,0.4222222222222222,0.2222222222222222,5,20,0.1111111111111111,0.3,0.92,10.123265446374036,5.455321115357702,0.009351796106762995,0.3261802575107296,180
85,797,0.2,expo/expo,42010,7739,TypeScript,404,1,-0.09851529716146815,0.11629090339752622,2000,11.11111111111111,0.8722222222222222,228,25,0.1388888888888889,0.8,1.32,10.645686767736345,6.003887067106539,0.009616757914782195,4.9504950495049505,180
45,2,0.0,phonegap/phonegap,3965,895,,16,4,-0.5344887955182073,0.3025210084033613,0,0.0,0.0,0,0,0.0,0.0,0.0,8.285513309079741,2.833213344056216,0.00403530895334174,0.0,180
45,138,0.0,quasar/Quasar,9418,2590,C#,13,2,-0.38956975228161667,0.75,0,0.0,0.0,0,0,0.0,0.0,0.0,9.150484204822817,2.6390573296152584,0.0013803355277128902,0.0,180
0,0,0.0,Unknown,0,0,Unknown,0,0,0.0,0.0,0,0.0,0.0,0,0,0.0,0.0,0.0,0.0,0.0,0.0,0.0,180
75,221,0.8275862068965517,framework7io/framework7,18418,3227,JavaScript,144,1,-0.05853851927174124,0.9032539221382917,6,0.03333333333333333,0.03333333333333333,2,20,0.1111111111111111,0.2,1.8275862068965518,9.821138019519102,4.976733742420574,0.00781843848409165,0.041666666666666664,180
70,205,0.6,mobile-shell/mosh,13121,762,C++,67,2,-0.14345463458389396,0.5038434661076171,0,0.0,0.0,0,11,0.06111111111111111,0.45454545454545453,9.45,9.482045489904824,4.219507705176107,0.005106318115997256,0.0,180
80,1972,0.32432432432432434,jupyter/notebook,12453,5310,Jupyter Notebook,370,4,-0.09275972843322268,0.22614787177339526,43,0.2388888888888889,0.15555555555555556,10,37,0.20555555555555555,0.6756756756756757,2.864864864864865,9.429797135432397,5.916202062607435,0.02971171605235686,0.11621621621621622,180
85,725,0.7666666666666667,plotly/plotly.js,17756,1916,JavaScript,238,3,-0.08522237168643643,0.2505134236959038,444,2.466666666666667,0.45,22,60,0.3333333333333333,0.23333333333333334,1.5,9.784535083358834,5.476463551931511,0.013403919801757152,1.865546218487395,180
85,780,0.5769230769230769,apache/superset,67308,15398,TypeScript,424,1,-0.14333410915933215,0.1523890118474157,813,4.516666666666667,0.8111111111111111,151,26,0.14444444444444443,0.4230769230769231,2.1538461538461537,11.117049236260911,6.052089168924417,0.006299399774172461,1.9174528301886793,180
85,1510,0.8888888888888888,apache/airflow,41273,15377,Python,414,1,-0.20105918510589416,0.15717114357230919,2000,11.11111111111111,0.5111111111111111,244,18,0.1,0.1111111111111111,1.0555555555555556,10.627988040754069,6.028278520230698,0.010030770721779372,4.830917874396135,180
85,1180,0.8125,dask/dask,13366,1790,Python,415,1,-0.10543594766049388,0.3292617014376824,156,0.8666666666666667,0.3333333333333333,19,48,0.26666666666666666,0.1875,1.1458333333333333,9.500544261971474,6.030685260261263,0.031048930121203053,0.3759036144578313,180
85,837,0.6842105263157895,bokeh/bokeh,19992,4222,TypeScript,385,2,-0.06558525515184124,0.38388892011917475,127,0.7055555555555556,0.36666666666666664,16,57,0.31666666666666665,0.3157894736842105,1.3157894736842106,9.903137491271833,5.955837369464831,0.019257703081232494,0.32987012987012987,180
80,159,0.5319148936170213,vega/altair,9908,811,Python,159,1,-0.10387909905868083,0.5381770145310436,35,0.19444444444444445,0.1111111111111111,15,31,0.17222222222222222,0.3548387096774194,3.3404255319148937,9.201198714058899,5.075173815233827,0.01604763827210335,0.22012578616352202,180
85,1285,0.8333333333333334,pydata/xarray,3924,1165,Python,418,1,-0.14412246402908543,0.2903225806451613,267,1.4833333333333334,0.55,66,36,0.2,0.16666666666666666,2.638888888888889,8.275121630216509,6.037870919922137,0.10652395514780835,0.638755980861244,180
70,549,0.8181818181818182,vaexio/vaex,8415,599,Python,64,1,-0.08615041017797553,0.8826473859844272,0,0.0,0.0,0,7,0.03888888888888889,0.0,3.1818181818181817,9.03788993497749,4.174387269895637,0.0076054664289958405,0.0,180
85,1102,0.7857142857142857,rapidsai/cudf,9075,960,C++,257,0,-0.1677442490890998,0.07971680536579306,1129,6.272222222222222,0.7722222222222223,59,14,0.07777777777777778,0.21428571428571427,1.4285714285714286,9.113388845899733,5.552959584921617,0.028319559228650138,4.392996108949417,180
85,11452,0.8846153846153846,rust-lang/rust,105358,13584,Rust,449,1,-0.24041095517596273,0.1795202446265931,2000,11.11111111111111,0.39444444444444443,205,26,0.14444444444444443,0.11538461538461539,1.5384615384615385,11.565128845104088,6.1092475827643655,0.0042616602441200475,4.4543429844097995,180
85,2322,0.6170212765957447,denoland/deno,103715,5661,Rust,426,3,-0.12226196630014188,0.15926597190756683,997,5.538888888888889,0.8555555555555555,106,47,0.2611111111111111,0.3829787234042553,1.5106382978723405,11.54941167354064,6.056784013228625,0.004107409728583137,2.34037558685446,180
85,3171,0.8666666666666667,servo/servo,31089,3210,Rust,411,0,-0.1691966275336239,0.08622067469604429,1878,10.433333333333334,0.9944444444444445,106,30,0.16666666666666666,0.13333333333333333,1.3,10.344641503052799,6.021023349349527,0.0132201100067548,4.569343065693431,180
85,400,0.5151515151515151,tokio-rs/tokio,29177,2701,Rust,439,2,-0.22359553060556672,0.1801952580195258,148,0.8222222222222222,0.4444444444444444,66,33,0.18333333333333332,0.48484848484848486,3.0303030303030303,10.28117027963184,6.0867747269123065,0.015046097953867773,0.33712984054669703,180
80,336,0.7049180327868853,serde-rs/serde,9851,841,Rust,175,2,-0.08418795332702618,0.6276674025018396,36,0.2,0.07222222222222222,6,34,0.18888888888888888,0.35294117647058826,3.80327868852459,9.195429759240428,5.170483995038151,0.017764693939701554,0.2057142857142857,180
85,370,0.52,clap-rs/clap,15333,1113,Rust,417,2,-0.09016992537426578,0.4506739830609567,194,1.0777777777777777,0.34444444444444444,25,50,0.2777777777777778,0.48,2.24,9.63782786411884,6.035481432524756,0.027196243396595578,0.46522781774580335,180
85,147,0.045454545454545456,diesel-rs/diesel,13503,1138,Rust,397,2,-0.1364457634186615,0.31536748329621384,268,1.488888888888889,0.5777777777777777,41,22,0.12222222222222222,0.9545454545454546,2.8181818181818183,9.510741216835738,5.986452005284438,0.029400873879878546,0.6750629722921915,180
85,247,0.55,actix/actix-web,23303,1760,Rust,356,2,-0.10242720452744325,0.5354824751189962,103,0.5722222222222222,0.16111111111111112,13,20,0.1111111111111111,0.45,1.15,10.05638029863927,5.877735781779639,0.015277002960992147,0.2893258426966292,180
75,243,0.4,hyperium/hyper,15415,1661,Rust,393,1,-0.18315022277024695,0.6110520722635494,15,0.08333333333333333,0.06111111111111111,9,38,0.2111111111111111,0.7368421052631579,4.923076923076923,9.643161210094203,5.976350909297934,0.02549464807006163,0.03816793893129771,180
75,383,0.85,drager/wasm-pack,6752,447,Rust,140,2,-0.2089055910024873,0.36411809235427706,3,0.016666666666666666,0.005555555555555556,2,29,0.16111111111111112,0.13793103448275862,4.55,8.817742129574842,4.948759890378168,0.020734597156398103,0.02142857142857143,180
55,31,0.0,laravel/laravel,81636,24436,Blade,398,1,-0.10130642653605938,0.7013124151455725,59,0.3277777777777778,0.2611111111111111,26,0,0.0,0.0,0.0,11.310037869555806,5.988961416889864,0.00487530011269538,0.14824120603015076,180
85,872,0.41379310344827586,symfony/symfony,30460,9656,PHP,363,2,-0.09189474801594393,0.39683176556253996,1773,9.85,1.238888888888889,201,29,0.16111111111111112,0.5862068965517241,1.3793103448275863,10.324202455851168,5.8971538676367405,0.011917268548916612,4.884297520661157,180
85,155,0.4117647058823529,composer/composer,29053,4665,PHP,381,1,-0.12793443606306926,0.6411098625637479,108,0.6,0.16666666666666666,27,51,0.2833333333333333,0.5882352941176471,2.4901960784313726,10.276911446432829,5.945420608606575,0.013113964134512787,0.28346456692913385,180
0,0,0.0,Unknown,0,0,Unknown,0,0,0.0,0.0,0,0.0,0.0,0,0,0.0,0.0,0.0,0.0,0.0,0.0,0.0,180
85,1279,0.5263157894736842,doctrine/orm,10080,2545,PHP,320,3,-0.13676879389231753,0.20004256224728667,226,1.2555555555555555,0.45555555555555555,31,19,0.10555555555555556,0.47368421052631576,2.263157894736842,9.218407743053941,5.771441123130016,0.031746031746031744,0.70625,180
75,30,0.21568627450980393,guzzle/guzzle,23414,2391,PHP,349,1,-0.12696840406461246,0.6779089376053963,6,0.03333333333333333,0.016666666666666666,2,15,0.08333333333333333,0.5333333333333333,4.647058823529412,10.061132121617643,5.857933154483459,0.014905612026992398,0.017191977077363897,180
85,124,0.24489795918367346,sebastianbergmann/phpunit,19888,2218,PHP,392,1,-0.043565335565163815,0.8470923501647519,1038,5.766666666666667,0.6388888888888888,16,49,0.2722222222222222,0.7551020408163265,2.1020408163265305,9.897922094063247,5.973809611869261,0.019710378117457763,2.6479591836734695,180
85,56,0.2916666666666667,cakephp/cakephp,8756,3400,PHP,351,3,-0.07094691051680299,0.4215770609318996,243,1.35,0.6277777777777778,30,24,0.13333333333333333,0.7083333333333334,3.6666666666666665,9.077608659522225,5.863631175598097,0.04008679762448607,0.6923076923076923,180
85,1324,0.38461538461538464,rails/rails,57201,21901,Ruby,364,1,-0.19663537129661973,0.11686259807728357,962,5.344444444444444,1.0277777777777777,200,13,0.07222222222222222,0.6153846153846154,2.076923076923077,10.954344141791593,5.8998973535824915,0.006363525113197321,2.642857142857143,180
80,216,0.4878048780487805,jekyll/jekyll,50377,10150,Ruby,389,2,-0.10415084185514949,0.361819235225956,24,0.13333333333333333,0.044444444444444446,11,32,0.17777777777777778,0.53125,2.731707317073171,10.82730985082563,5.966146739123692,0.007721777795422514,0.061696658097686374,180
45,0,0.0,rspec/rspec-core,1232,753,Ruby,301,3,-0.09436379568699997,0.2884203002144389,0,0.0,0.0,0,0,0.0,0.0,0.0,7.117205503164344,5.71042701737487,0.24431818181818182,0.0,180
85,290,0.5454545454545454,rubygems/rubygems,3788,1827,Ruby,356,2,-0.10399765582234224,0.2579208097223707,788,4.377777777777778,0.8,47,11,0.06111111111111111,0.45454545454545453,3.8181818181818183,8.239857411018601,5.877735781779639,0.09398099260823653,2.2134831460674156,180
45,0,0.0,rubygems/bundler,4882,1985,Ruby,364,3,-0.11512682669333778,0.2585569817191754,0,0.0,0.0,0,0,0.0,0.0,0.0,8.49351506406166,5.8998973535824915,0.07455960671855796,0.0,180
75,41,0.5,sinatra/sinatra,12328,2070,Ruby,367,1,-0.15868649998000675,0.36451781970649894,7,0.03888888888888889,0.03333333333333333,5,12,0.06666666666666667,0.4166666666666667,5.6875,9.419709489868552,5.908082938168931,0.029769630110317975,0.01907356948228883,180
80,105,0.5135135135135135,puma/puma,7775,1465,Ruby,401,3,-0.17237604979993343,0.3227329974811083,27,0.15,0.1,10,18,0.1,0.3888888888888889,9.702702702702704,8.958797346140274,5.996452088619021,0.05157556270096463,0.06733167082294264,180
85,50,0.24324324324324326,sidekiq/sidekiq,13346,2454,Ruby,420,1,-0.12852499775334753,0.7139861606206752,107,0.5944444444444444,0.3111111111111111,27,74,0.4111111111111111,0.7567567567567568,2.6621621621621623,9.499046919474152,6.042632833682381,0.03147010340176832,0.25476190476190474,180
75,8420,0.9473684210526315,swiftlang/swift,68892,10506,C++,342,1,-0.1374300472833756,0.20727283247027511,2000,11.11111111111111,0.6222222222222222,106,19,0.10555555555555556,0.05263157894736842,0.631578947368421,11.140309855323784,5.8377304471659395,0.004964291935202926,5.847953216374269,180
75,51,0.2857142857142857,Alamofire/Alamofire,42026,7624,Swift,245,3,-0.17640629535673266,0.47557204700061845,1,0.005555555555555556,0.005555555555555556,1,24,0.13333333333333333,0.6666666666666666,4.942857142857143,10.646067547864224,5.5053315359323625,0.005829724456288964,0.004081632653061225,180
75,476,0.8412698412698413,realm/realm-swift,16527,2200,Objective-C,136,2,-0.10121281231602172,0.2850996164998597,14,0.07777777777777778,0.05,4,37,0.20555555555555555,0.13513513513513514,4.603174603174603,9.71281119135942,4.919980925828125,0.008228958673685484,0.10294117647058823,180
75,134,0.5555555555555556,SwiftyJSON/SwiftyJSON,22892,3449,Swift,136,3,-0.2637946204122675,0.22364672364672364,11,0.06111111111111111,0.011111111111111112,3,2,0.011111111111111112,0.5,2.5555555555555554,10.038586465957742,4.919980925828125,0.005940940066398742,0.08088235294117647,180
75,54,0.5333333333333333,SnapKit/SnapKit,20219,2018,Swift,79,1,-0.2131087334426952,0.7640232108317214,1,0.005555555555555556,0.005555555555555556,1,9,0.05,0.5555555555555556,1.8666666666666667,9.914427492574463,4.382026634673881,0.003907215984964637,0.012658227848101266,180
0,0,0.0,Unknown,0,0,Unknown,0,0,0.0,0.0,0,0.0,0.0,0,0,0.0,0.0,0.0,0.0,0.0,0.0,0.0,180
80,111,0.36666666666666664,vapor/vapor,25432,1493,Swift,243,3,-0.08595521132368714,0.4792786544130397,19,0.10555555555555556,0.08888888888888889,10,24,0.13333333333333333,0.5833333333333334,2.0,10.143802822358657,5.497168225293202,0.0095548914753067,0.07818930041152264,180
60,83,0.0,mongodb/mongo,27369,5657,C++,311,0,-0.3759504658344651,0.0904129597662993,2000,11.11111111111111,0.43333333333333335,207,0,0.0,0.0,0.0,10.217202802034725,5.7430031878094825,0.011363221162629252,6.430868167202572,180
60,0,0.0,postgres/postgres,18120,5025,C,42,3,-0.30122871612916013,0.28663105314277787,1447,8.03888888888889,0.9777777777777777,31,0,0.0,0.0,0.0,9.804826765712157,3.7612001156935624,0.002317880794701987,34.45238095238095,180
60,5,0.0,mysql/mysql-server,11561,4079,C++,103,0,-0.3500074192211686,0.08948262198573531,1305,7.25,0.8166666666666667,113,0,0.0,0.0,0.0,9.355479137642421,4.6443908991413725,0.008909263904506531,12.669902912621358,180
60,244,0.0,MariaDB/server,6223,1842,C++,75,1,-0.35156363127122503,0.13433462871547105,748,4.155555555555556,1.1722222222222223,66,0,0.0,0.0,0.0,8.736168065858228,4.330733340286331,0.012052064920456372,9.973333333333333,180
60,538,0.0,apache/cassandra,9294,3723,Java,272,2,-0.103677015755329,0.22331788693234475,739,4.105555555555555,1.6055555555555556,60,0,0.0,0.0,0.0,9.137231900155545,5.60947179518496,0.029266193242952442,2.7169117647058822,180
85,2420,0.8571428571428571,saltstack/salt,14668,5535,Python,287,2,-0.1620474205237439,0.19586524105379763,910,5.055555555555555,1.3666666666666667,62,42,0.23333333333333334,0.14285714285714285,1.3333333333333333,9.593491702487762,5.662960480135946,0.019566403054267795,3.1707317073170733,180
75,396,1.0,chef/chef,7893,2524,Ruby,294,3,-0.11278213806806285,0.2131630648330059,207,1.15,0.39444444444444443,31,1,0.005555555555555556,0.0,0.0,8.973858256222792,5.68697535633982,0.03724819460281262,0.7040816326530612,180
70,81,0.7333333333333333,puppetlabs/puppet,7645,2201,Ruby,258,2,-0.13195866257251454,0.17754388991933745,0,0.0,0.0,0,8,0.044444444444444446,0.25,5.333333333333333,8.941937914256359,5.556828061699537,0.033747547416612164,0.0,180
85,303,0.3611111111111111,hashicorp/packer,15418,3333,Go,358,2,-0.15001577066493002,0.19379986600889212,111,0.6166666666666667,0.31666666666666665,21,36,0.2,0.6388888888888888,3.7222222222222223,9.643355794171352,5.883322388488279,0.023219613438837723,0.3100558659217877,180
