health_score,open_issues,open_ratio,repository,stars,forks,language,total_contributors,core_contributors,contribution_gini,top_contributor_percentage,total_commits,commits_per_day,activity_ratio,unique_authors,recent_issues_count,recent_issues_per_day,recent_resolution_rate,avg_comments_per_issue,log_stars,log_contributors,contributors_per_star,commits_per_contributor,time_window_days,recent_contributors,log_recent_contributors,recent_contributor_ratio,recent_contributors_per_star
85,1027,0.2727272727272727,facebook/react,237663,49016,JavaScript,410,2,-0.1224263394902079,0.1027448714244438,726,4.033333333333333,0.7833333333333333,60,33,0.1833333333333333,0.7272727272727273,1.4545454545454546,12.378613190469023,6.018593214496234,0.0017251318042774,1.7707317073170732,180,60,4.110873864173311,0.1463414634146341,0.000252458312821
85,1572,0.5882352941176471,angular/angular,98376,26460,TypeScript,381,0,-0.1609198632765492,0.0625608410669089,1886,10.477777777777778,1.2944444444444445,188,17,0.0944444444444444,0.4117647058823529,2.176470588235294,11.496562315881532,5.945420608606575,0.0038728958282507,4.9501312335958,180,188,5.241747015059643,0.4934383202099737,0.0019110352118402
85,2317,0.4814814814814814,nodejs/node,112400,32314,JavaScript,427,0,-0.2021707835078356,0.0806786970249249,1314,7.3,1.1944444444444444,199,27,0.15,0.5185185185185185,2.2962962962962963,11.629828113199304,6.059123195581797,0.0037989323843416,3.077283372365339,180,199,5.298317366548036,0.4660421545667447,0.0017704626334519
80,194,0.4666666666666667,expressjs/express,67429,19770,JavaScript,306,2,-0.0729946875410636,0.6556850819395168,59,0.3277777777777778,0.2055555555555555,21,15,0.0833333333333333,0.5333333333333333,1.8,11.118845301728628,5.726847747587197,0.0045381067493215,0.1928104575163398,180,21,3.091042453358316,0.0686274509803921,0.0003114386984828
85,227,0.0769230769230769,webpack/webpack,65452,9088,JavaScript,397,1,-0.0971492139085932,0.5555424944163629,308,1.711111111111111,0.5111111111111111,37,13,0.0722222222222222,0.9230769230769232,5.846153846153846,11.089087606804007,5.986452005284438,0.0060655136588645,0.7758186397984886,180,37,3.6375861597263857,0.0931989924433249,0.0005652997616573
75,2329,0.8518518518518519,facebook/create-react-app,103383,27048,JavaScript,448,2,-0.255098226153554,0.2902082410279131,3,0.0166666666666666,0.0111111111111111,2,37,0.2055555555555555,0.1081081081081081,4.203703703703703,11.546205490205027,6.1070228877422545,0.0043334010427246,0.0066964285714285,180,2,1.0986122886681098,0.0044642857142857,1.9345540369306364e-05
75,3272,0.5833333333333334,vercel/next.js,133468,28937,JavaScript,430,2,-0.1365785536429479,0.123240392445806,2000,11.11111111111111,0.6111111111111112,128,24,0.1333333333333333,0.4166666666666667,0.8333333333333334,11.801624520119756,6.066108090103747,0.0032217460365031,4.651162790697675,180,128,4.859812404361672,0.2976744186046511,0.0009590313783079
85,826,0.5121951219512195,sveltejs/svelte,83576,4578,JavaScript,413,1,-0.0860331352381081,0.5011512663930323,535,2.9722222222222223,0.7111111111111111,63,41,0.2277777777777777,0.4878048780487805,2.5609756097560976,11.333523641603223,6.025865973825314,0.004941610031588,1.2953995157384988,180,63,4.1588830833596715,0.1525423728813559,0.0007538049200727
85,257,0.5531914893617021,jestjs/jest,44923,6581,TypeScript,429,2,-0.2124505378141893,0.2817254639692359,155,0.8611111111111112,0.2666666666666666,51,47,0.2611111111111111,0.4468085106382978,3.723404255319149,10.712727452082929,6.063785208687608,0.0095496738864278,0.3613053613053613,180,51,3.951243718581427,0.1188811188811188,0.0011352759165683
75,717,0.7419354838709677,typicode/json-server,74676,7196,JavaScript,78,1,-0.1353883469268084,0.8846153846153846,1,0.0055555555555555,0.0055555555555555,1,9,0.05,0.0,6.903225806451613,11.2209274254508,4.3694478524670215,0.0010445122931062,0.0128205128205128,180,1,0.6931471805599453,0.0128205128205128,1.3391183244951523e-05
80,482,0.7272727272727273,chartjs/Chart.js,66288,11961,JavaScript,426,2,-0.1305942193243851,0.3349909584086799,25,0.1388888888888889,0.0888888888888888,14,49,0.2722222222222222,0.3265306122448979,1.393939393939394,11.101779249890097,6.056784013228625,0.0064265025343953,0.0586854460093896,180,14,2.70805020110221,0.0328638497652582,0.0002111996138064
80,690,0.5333333333333333,axios/axios,107315,11182,JavaScript,442,3,-0.3079438518535751,0.2017994858611825,72,0.4,0.2277777777777777,36,45,0.25,0.4666666666666667,2.0,11.58353303213418,6.093569770045136,0.0041187159297395,0.1628959276018099,180,36,3.610917912644224,0.0814479638009049,0.0003354610259516
75,95,0.1851851851851851,jquery/jquery,59541,20562,JavaScript,293,2,-0.0949195916118073,0.2715892885438123,14,0.0777777777777777,0.0555555555555555,3,18,0.1,0.7222222222222222,3.6296296296296298,10.994437224868893,5.683579767338681,0.0049209788213164,0.0477815699658703,180,3,1.3862943611198906,0.0102389078498293,5.0385448682420515e-05
75,21,0.0,d3/d3,111152,22844,Shell,135,2,-0.0734074571549386,0.7297962838594135,2,0.0111111111111111,0.0111111111111111,2,6,0.0333333333333333,1.0,1.75,11.61866290958141,4.912654885736052,0.0012145530444796,0.0148148148148148,180,2,1.0986122886681098,0.0148148148148148,1.7993378436735283e-05
85,561,0.5,twbs/bootstrap,172722,79122,MDX,358,2,-0.0736401639546785,0.4484802860637997,151,0.8388888888888889,0.4666666666666667,32,42,0.2333333333333333,0.5,1.5,12.059444434190231,5.883322388488279,0.0020726948506849,0.4217877094972067,180,32,3.49650756146648,0.0893854748603352,0.000185268813469
85,394,0.4864864864864865,facebook/metro,5435,663,JavaScript,328,2,-0.1706880309673883,0.1261235955056179,207,1.15,0.5722222222222222,28,37,0.2055555555555555,0.5135135135135135,3.756756756756757,8.600798775271034,5.796057750765372,0.0603495860165593,0.6310975609756098,180,28,3.367295829986474,0.0853658536585365,0.0051517939282428
75,33,0.5333333333333333,gulpjs/gulp,33064,4211,JavaScript,224,2,-0.3161936955449613,0.2255466052934407,6,0.0333333333333333,0.0055555555555555,3,3,0.0166666666666666,0.3333333333333333,13.933333333333334,10.406230600108763,5.41610040220442,0.0067747398983789,0.0267857142857142,180,3,1.3862943611198906,0.0133928571428571,9.073312363900314e-05
80,583,0.5217391304347826,parcel-bundler/parcel,43919,2262,JavaScript,408,2,-0.1715500716415598,0.304147465437788,84,0.4666666666666667,0.1722222222222222,7,69,0.3833333333333333,0.4782608695652174,2.072463768115942,10.690125076183412,6.013715156042802,0.0092898290033926,0.2058823529411764,180,7,2.0794415416798357,0.017156862745098,0.0001593843211366
85,600,0.5,rollup/rollup,25905,1609,JavaScript,388,2,-0.0928832526931835,0.4324826770322799,163,0.9055555555555556,0.3277777777777778,30,30,0.1666666666666666,0.5,3.0,10.162229881090202,5.963579343618446,0.0149778035128353,0.4201030927835051,180,30,3.4339872044851463,0.0773195876288659,0.0011580775911986
85,2162,0.7368421052631579,storybookjs/storybook,87348,9627,TypeScript,370,2,-0.0911728326259627,0.2255224503035077,2000,11.11111111111111,0.5611111111111111,54,38,0.2111111111111111,0.2631578947368421,2.1052631578947367,11.377666867299762,5.916202062607435,0.004235929843843,5.405405405405405,180,54,4.007333185232471,0.1459459459459459,0.0006182167880203
85,9210,0.6176470588235294,python/cpython,68066,32458,Python,351,0,-0.1730133402440616,0.0973253444762924,2000,11.11111111111111,0.7611111111111111,372,34,0.1888888888888888,0.3823529411764705,3.764705882352941,11.12824779319225,5.863631175598097,0.0051567596156671,5.698005698005698,180,372,5.921578419643816,1.0598290598290598,0.0054652836952369
80,14,0.1923076923076923,pallets/flask,70061,16503,Python,401,2,-0.1292585516172386,0.3619086965502995,48,0.2666666666666666,0.0944444444444444,8,24,0.1333333333333333,0.8333333333333334,2.1538461538461537,11.15713584330377,5.996452088619021,0.0057235837341745,0.1197007481296758,180,8,2.1972245773362196,0.0199501246882793,0.0001141862091605
60,352,0.0,django/django,84381,32738,Python,392,1,-0.1406840352320519,0.1194305660119088,404,2.2444444444444445,0.9944444444444444,115,0,0.0,0.0,0.0,11.343109387696558,5.973809611869261,0.0046455955724629,1.030612244897959,180,115,4.7535901911063645,0.2933673469387755,0.0013628660480439
85,2320,0.3846153846153846,numpy/numpy,30029,11124,Python,435,1,-0.1387417949941495,0.1947728164042803,1231,6.838888888888889,0.9388888888888888,127,26,0.1444444444444444,0.6153846153846154,5.423076923076923,10.309952160977376,6.077642243349034,0.0144859968696926,2.829885057471264,180,127,4.852030263919617,0.2919540229885057,0.0042292450631056
85,3738,0.6578947368421053,pandas-dev/pandas,46115,18731,Python,413,3,-0.1412257619955253,0.1634560430324424,398,2.2111111111111112,0.7277777777777777,130,38,0.2111111111111111,0.3421052631578947,2.736842105263158,10.738915240352844,6.025865973825314,0.0089558711915862,0.9636803874092008,180,130,4.875197323201151,0.3147699757869249,0.0028190393581264
80,268,0.2244897959183673,psf/requests,53100,9507,Python,402,3,-0.2053066647283065,0.2721861471861472,41,0.2277777777777777,0.1611111111111111,18,49,0.2722222222222222,0.7755102040816326,2.2244897959183674,10.879951039444416,5.998936561946683,0.0075706214689265,0.1019900497512437,180,18,2.9444389791664403,0.044776119402985,0.0003389830508474
85,920,0.4411764705882353,pytest-dev/pytest,12917,2833,Python,375,3,-0.1131657184141605,0.2640205906258466,245,1.3611111111111112,0.5555555555555556,51,34,0.1888888888888888,0.5588235294117647,3.588235294117647,9.46637696659242,5.929589143389895,0.0290315088642873,0.6533333333333333,180,51,3.951243718581427,0.136,0.003948285205543
85,2163,0.16,scikit-learn/scikit-learn,62799,26086,Python,410,1,-0.1872156345663494,0.1067323481116584,554,3.077777777777778,0.7333333333333333,159,25,0.1388888888888889,0.84,3.16,11.04771035245629,6.018593214496234,0.0065287663816302,1.351219512195122,180,159,5.075173815233827,0.3878048780487805,0.0025318874504371
85,1656,0.6296296296296297,matplotlib/matplotlib,21480,7938,Python,420,2,-0.1119602053275522,0.1370003622750875,814,4.522222222222222,1.1111111111111112,97,27,0.15,0.3703703703703703,3.6296296296296298,9.974924102473976,6.042632833682381,0.0195530726256983,1.938095238095238,180,97,4.584967478670572,0.2309523809523809,0.0045158286778398
85,1755,0.5476190476190477,scipy/scipy,13857,5433,Python,414,1,-0.166867332514513,0.1279106455480532,1174,6.522222222222222,1.05,127,42,0.2333333333333333,0.4523809523809524,4.428571428571429,9.536617962187329,6.028278520230698,0.029876596665945,2.8357487922705316,180,127,4.852030263919617,0.3067632850241545,0.0091650429385869
80,97,0.4137931034482758,encode/django-rest-framework,29346,6984,Python,385,1,-0.1600941830194206,0.5410696552702511,35,0.1944444444444444,0.1611111111111111,26,28,0.1555555555555555,0.5714285714285714,2.3448275862068964,10.286945605381202,5.955837369464831,0.0131193348326858,0.0909090909090909,180,26,3.295836866004329,0.0675324675324675,0.0008859810536359
85,759,0.4,celery/celery,26896,4818,Python,396,1,-0.1256489133761861,0.6837575757575758,103,0.5722222222222222,0.3611111111111111,35,35,0.1944444444444444,0.6,2.142857142857143,10.19977003520708,5.983936280687191,0.0147233789411064,0.2601010101010101,180,35,3.58351893845611,0.0883838383838383,0.0013013087447947
85,240,0.4,sqlalchemy/sqlalchemy,10697,1562,Python,407,1,-0.0448770683186992,0.8199870747899654,276,1.5333333333333334,0.6388888888888888,40,45,0.25,0.6,3.4,9.277812087091196,6.0112671744041615,0.03804805085538,0.6781326781326781,180,40,3.713572066704308,0.0982800982800982,0.0037393661774329
85,34,0.4090909090909091,joke2k/faker,18572,2005,Python,415,1,-0.1761628710363025,0.5712725286728564,108,0.6,0.0944444444444444,27,36,0.2,0.5277777777777778,2.0681818181818183,9.82946419218734,6.030685260261263,0.0223454662933448,0.2602409638554216,180,27,3.332204510175204,0.0650602409638554,0.0014538014214947
85,129,0.3076923076923077,python-pillow/Pillow,12946,2311,Python,384,3,-0.0576929552801724,0.3404146141215107,617,3.4277777777777776,0.7888888888888889,16,26,0.1444444444444444,0.6923076923076923,4.5,9.468619380058648,5.953243334287785,0.0296616715587826,1.6067708333333333,180,16,2.833213344056216,0.0416666666666666,0.0012359029816159
85,210,0.1951219512195122,tornadoweb/tornado,22071,5534,Python,371,1,-0.1151623373972598,0.7615750757247944,98,0.5444444444444444,0.2166666666666666,10,22,0.1222222222222222,0.8181818181818182,3.1219512195121952,10.00206511589712,5.918893854273146,0.0168093878845543,0.2641509433962264,180,10,2.3978952727983707,0.0269541778975741,0.0004530832313896
75,282,0.16,bottlepy/bottle,8633,1485,Python,186,1,-0.1370374762808349,0.7536764705882353,16,0.0888888888888888,0.05,7,8,0.0444444444444444,0.875,4.24,9.063463176115423,5.231108616854587,0.0215452334066952,0.086021505376344,180,7,2.0794415416798357,0.0376344086021505,0.0008108421174562
85,1063,0.4888888888888889,pypa/pip,9874,3116,Python,392,2,-0.1327286611104498,0.2082598670825986,383,2.1277777777777778,0.7166666666666667,51,45,0.25,0.5111111111111111,3.2222222222222223,9.197761589769325,5.973809611869261,0.0397002228073729,0.9770408163265306,180,51,3.951243718581427,0.1301020408163265,0.005165080008102
85,645,0.3265306122448979,pypa/setuptools,2727,1293,Python,389,2,-0.106597225938098,0.4821538251552583,483,2.683333333333333,0.4777777777777778,19,49,0.2722222222222222,0.673469387755102,3.36734693877551,7.911324018963353,5.966146739123692,0.1426475980931426,1.2416452442159382,180,19,2.995732273553991,0.0488431876606683,0.0069673634030069
80,36,0.3225806451612903,pypa/virtualenv,4946,1061,Python,140,2,-0.1952456061288869,0.6182965299684543,76,0.4222222222222222,0.1777777777777777,15,21,0.1166666666666666,0.8095238095238095,2.935483870967742,8.506536611227709,4.948759890378168,0.0283057015770319,0.5428571428571428,180,15,2.772588722239781,0.1071428571428571,0.0030327537403962
85,194,0.410958904109589,boto/boto3,9456,1920,Python,140,1,-0.0672628596429092,0.7008896018667056,408,2.2666666666666666,0.6611111111111111,12,73,0.4055555555555555,0.589041095890411,2.6986301369863015,9.154510487015513,4.948759890378168,0.0148054145516074,2.914285714285714,180,12,2.5649493574615367,0.0857142857142857,0.0012690355329949
75,1128,0.6341463414634146,paramiko/paramiko,9454,2020,Python,137,1,-0.0903328119568995,0.8142857142857143,6,0.0333333333333333,0.0166666666666666,2,19,0.1055555555555555,0.3157894736842105,4.2682926829268295,9.154298981092555,4.927253685157205,0.014491220647345,0.0437956204379562,180,2,1.0986122886681098,0.0145985401459854,0.0002115506663845
75,486,0.8333333333333334,fabric/fabric,15184,1948,Python,17,1,-0.2465090709180868,0.9825545171339564,2,0.0111111111111111,0.0055555555555555,1,9,0.05,0.1111111111111111,4.944444444444445,9.62806337747985,2.8903717578961645,0.0011195995785036,0.1176470588235294,180,1,0.6931471805599453,0.0588235294117647,6.585879873551106e-05
85,857,0.5714285714285714,ansible/ansible,65743,24047,Python,375,2,-0.1916380668040976,0.1208681847262043,287,1.5944444444444446,0.55,38,28,0.1555555555555555,0.4285714285714285,3.3214285714285716,11.093523691123192,5.929589143389895,0.0057040293263161,0.7653333333333333,180,38,3.6635616461296463,0.1013333333333333,0.0005780083050666
85,662,0.5185185185185185,scrapy/scrapy,57763,10971,Python,370,3,-0.1127169132076493,0.215122684026039,202,1.1222222222222222,0.4333333333333333,15,27,0.15,0.4814814814814814,3.074074074074074,10.964121023246456,5.916202062607435,0.0064054844796842,0.5459459459459459,180,15,2.772588722239781,0.0405405405405405,0.0002596818032304
75,581,0.1529411764705882,spring-projects/spring-boot,77909,41346,Java,357,3,-0.0367358240924933,0.3653458185832287,2000,11.11111111111111,0.6722222222222223,41,85,0.4722222222222222,0.8470588235294118,0.5764705882352941,11.263309593324903,5.8805329864007,0.0045822690574901,5.602240896358543,180,41,3.737669618283368,0.1148459383753501,0.0005262549897957
85,5305,0.5652173913043478,elastic/elasticsearch,73359,25347,Java,347,0,-0.2160225077460382,0.057875750532636,2000,11.11111111111111,0.5388888888888889,179,23,0.1277777777777777,0.4347826086956521,1.565217391304348,11.203134106930346,5.8522024797744745,0.0047301626248994,5.763688760806916,180,179,5.19295685089021,0.515850144092219,0.002440055071634
60,244,0.0,apache/kafka,30574,14525,Java,347,0,-0.2885534741643853,0.0528764493021194,1183,6.572222222222222,0.95,145,0,0.0,0.0,0.0,10.327937960555372,5.8522024797744745,0.0113495126578138,3.409221902017291,180,145,4.983606621708336,0.4178674351585014,0.0047425917446196
85,720,0.6,google/guava,50977,11032,Java,322,2,-0.0971627754928271,0.3911522993530337,215,1.1944444444444444,0.5,17,5,0.0277777777777777,0.4,5.2,10.83914944608954,5.777652323222656,0.0063165741412794,0.6677018633540373,180,17,2.8903717578961645,0.0527950310559006,0.0003334837279557
80,13,0.1333333333333333,ReactiveX/RxJava,48219,7606,Java,289,2,-0.0939221674048563,0.3529103303618248,40,0.2222222222222222,0.1333333333333333,3,12,0.0666666666666666,0.9166666666666666,3.466666666666667,10.783529151735165,5.66988092298052,0.0059934880441319,0.1384083044982699,180,3,1.3862943611198906,0.0103806228373702,6.221613886642194e-05
85,131,0.4285714285714285,junit-team/junit-framework,6745,1569,Java,236,2,-0.0593797830395621,0.3846233874323762,877,4.872222222222222,0.7888888888888889,17,28,0.1555555555555555,0.5714285714285714,2.7857142857142856,8.816705015621595,5.4680601411351315,0.034988880652335,3.7161016949152543,180,17,2.8903717578961645,0.0720338983050847,0.002520385470719
80,462,0.475,mockito/mockito,15239,2622,Java,296,2,-0.0835313640668139,0.4918572133574601,49,0.2722222222222222,0.1888888888888888,13,40,0.2222222222222222,0.525,1.65,9.631678829240638,5.6937321388027,0.0194238467091016,0.1655405405405405,180,13,2.6390573296152584,0.0439189189189189,0.0008530743487105
85,118,0.1052631578947368,square/okhttp,46537,9228,Kotlin,267,4,-0.081853703441721,0.2761127859549565,226,1.2555555555555555,0.5222222222222223,12,19,0.1055555555555555,0.8947368421052632,4.157894736842105,10.748024462146892,5.5909869805108565,0.0057373702645207,0.846441947565543,180,12,2.5649493574615367,0.0449438202247191,0.0002578593377312
75,685,0.6363636363636364,apache/maven,4720,2764,Java,209,3,-0.0847798205665345,0.1860695812371572,344,1.9111111111111112,0.6611111111111111,21,22,0.1222222222222222,0.3636363636363636,0.9545454545454546,8.459775920546287,5.3471075307174685,0.0442796610169491,1.645933014354067,180,21,3.091042453358316,0.1004784688995215,0.0044491525423728
85,3146,0.7142857142857143,gradle/gradle,17889,4986,Groovy,345,1,-0.0912908375075812,0.111561455061303,2000,11.11111111111111,0.5666666666666667,62,35,0.1944444444444444,0.2857142857142857,1.0571428571428572,9.791997176502765,5.846438775057725,0.019285594499413,5.797101449275362,180,62,4.143134726391533,0.1797101449275362,0.0034658169825032
60,17,0.0,apache/tomcat,7893,5211,Java,134,2,-0.0470921464064888,0.7637894055279025,448,2.488888888888889,0.6,20,0,0.0,0.0,0.0,8.973858256222792,4.90527477843843,0.0169770682883567,3.343283582089552,180,20,3.044522437723423,0.1492537313432835,0.0025338907893069
60,64,0.0,apache/commons-lang,2830,1702,Java,229,2,-0.0801389628993972,0.5182250396196514,337,1.8722222222222225,0.4444444444444444,17,0,0.0,0.0,0.0,7.9483852851118995,5.438079308923196,0.0809187279151943,1.4716157205240177,180,17,2.8903717578961645,0.074235807860262,0.0060070671378091
85,381,0.4761904761904761,FasterXML/jackson-databind,3602,1436,Java,260,1,-0.0526454102815731,0.8959764474975466,224,1.2444444444444445,0.3888888888888889,18,42,0.2333333333333333,0.5238095238095238,5.238095238095238,8.189522110748094,5.564520407322694,0.0721821210438645,0.8615384615384616,180,18,2.9444389791664403,0.0692307692307692,0.0049972237645752
85,159,0.2857142857142857,square/retrofit,43635,7324,HTML,158,2,-0.1125471454404546,0.5681632653061225,130,0.7222222222222222,0.3777777777777777,4,7,0.0388888888888888,0.7142857142857143,2.0,10.683637776717648,5.0689042022202315,0.003620946487911,0.8227848101265823,180,4,1.6094379124341005,0.0253164556962025,9.166953133952104e-05
80,324,0.3421052631578947,google/gson,23905,4335,Java,155,4,-0.1296015180265654,0.3274509803921568,52,0.2888888888888888,0.1722222222222222,9,20,0.1111111111111111,0.7,4.473684210526316,10.081884752437926,5.049856007249537,0.0064839991633549,0.3354838709677419,180,9,2.302585092994046,0.0580645161290322,0.0003764902740012
60,164,0.0,hibernate/hibernate-orm,6201,3665,Java,366,3,-0.0708286985995049,0.196562406315579,1488,8.266666666666667,1.1166666666666667,69,0,0.0,0.0,0.0,8.732627099660395,5.905361848054571,0.0590227382680212,4.065573770491803,180,69,4.248495242049359,0.1885245901639344,0.0111272375423318
85,200,0.4,mybatis/mybatis-3,20163,12947,Java,243,3,-0.0956535441150064,0.2512911843276936,151,0.8388888888888889,0.45,10,25,0.1388888888888889,0.6,2.48,9.911654115202522,5.497168225293202,0.0120517780092248,0.6213991769547325,180,10,2.3978952727983707,0.0411522633744856,0.0004959579427664
85,296,0.1818181818181818,spring-projects/spring-framework,58539,38601,Java,355,3,-0.0466547938362635,0.2639103058339758,1272,7.066666666666666,0.95,71,77,0.4277777777777777,0.8181818181818182,1.3116883116883118,10.977465560245877,5.87493073085203,0.0060643331795896,3.583098591549296,180,71,4.276666119016055,0.2,0.0012128666359179
35,487,0.0,torvalds/linux,198461,57111,C,0,0,0.0,0.0,2000,11.11111111111111,0.5388888888888889,694,0,0.0,0.0,0.0,12.198352925014955,0.0,0.0,2000.0,180,694,6.543911845564792,inf,0.003496908712543
85,1674,0.4827586206896552,microsoft/terminal,99020,8673,C++,413,3,-0.1302180767976153,0.2037239868565169,149,0.8277777777777777,0.3777777777777777,30,58,0.3222222222222222,0.5172413793103449,2.1724137931034484,11.503087227834325,6.025865973825314,0.0041708745707937,0.360774818401937,180,30,3.4339872044851463,0.072639225181598,0.000302969097152
85,2627,0.625,redis/redis,70217,24138,C,382,1,-0.0839772882771147,0.5977193274513068,353,1.961111111111111,0.6722222222222223,55,32,0.1777777777777777,0.375,4.4375,11.15935996740282,5.948034989180646,0.0054402779953572,0.9240837696335078,180,55,4.02535169073515,0.143979057591623,0.0007832860988079
80,251,0.6410256410256411,nginx/nginx,27565,7442,C,80,2,-0.1008331338997247,0.4407083881775757,79,0.4388888888888889,0.2666666666666666,8,39,0.2166666666666666,0.358974358974359,1.564102564102564,10.224338408254384,4.394449154672439,0.0029022310901505,0.9875,180,8,2.1972245773362196,0.1,0.000290223109015
85,41,0.5384615384615384,curl/curl,38409,6798,C,411,1,-0.054885083675332,0.5650838234003336,1510,8.38888888888889,1.0777777777777775,106,13,0.0722222222222222,0.4615384615384615,5.3076923076923075,10.556073121339953,6.021023349349527,0.0107006170428805,3.673965936739659,180,106,4.672828834461906,0.2579075425790754,0.0027597698456091
60,246,0.0,git/git,55787,26443,C,423,1,-0.150163240997824,0.3794696441032798,1696,9.422222222222222,0.9722222222222222,119,0,0.0,0.0,0.0,10.929314071478585,6.049733455231958,0.0075824116729704,4.009456264775413,180,119,4.787491742782046,0.2813238770685579,0.0021331134493699
80,196,0.375,libuv/libuv,25567,3727,C,444,2,-0.1435413436548393,0.3270738753611226,80,0.4444444444444444,0.2888888888888888,36,32,0.1777777777777777,0.625,4.25,10.149096848566002,6.09807428216624,0.0173661360347322,0.1801801801801801,180,36,3.610917912644224,0.081081081081081,0.0014080650838972
35,16,0.0,sqlite/sqlite,8127,1218,C,0,0,0.0,0.0,731,4.061111111111111,0.8666666666666667,4,0,0.0,0.0,0.0,9.003070169818264,0.0,0.0,731.0,180,4,1.6094379124341005,inf,0.0004921865386981
85,2747,0.65625,opencv/opencv,83276,56238,C++,273,2,-0.1551491403396507,0.3848070932183082,503,2.7944444444444443,0.8055555555555556,97,32,0.1777777777777777,0.34375,2.0625,11.32992767958525,5.6131281063880705,0.0032782554397425,1.8424908424908424,180,97,4.584967478670572,0.3553113553113553,0.0011648013833517
75,1419,0.7352941176470589,microsoft/vcpkg,25301,6978,CMake,419,2,-0.2562369994088152,0.1137155963302752,1487,8.261111111111111,0.7888888888888889,316,34,0.1888888888888888,0.2647058823529412,0.8823529411764706,10.138638722974616,6.040254711277414,0.0165606102525591,3.548926014319809,180,316,5.75890177387728,0.7541766109785203,0.0124896249160112
80,376,0.6222222222222222,jemalloc/jemalloc,10300,1540,C,160,3,-0.1156458750835003,0.3456913827655311,46,0.2555555555555555,0.1888888888888888,14,31,0.1722222222222222,0.3548387096774194,4.511111111111111,9.239996256883693,5.081404364984463,0.0155339805825242,0.2875,180,14,2.70805020110221,0.0875,0.0013592233009708
80,89,0.6,memcached/memcached,13903,3307,C,191,2,-0.1456617410093987,0.5459132189707366,25,0.1388888888888889,0.0777777777777777,5,12,0.0666666666666666,0.3333333333333333,7.95,9.539931847505173,5.2574953720277815,0.0137380421491764,0.1308900523560209,180,5,1.791759469228055,0.0261780104712041,0.0003596346112349
80,120,0.2333333333333333,gperftools/gperftools,8766,1526,C++,107,1,-0.1848319564500866,0.7599544937428896,38,0.2111111111111111,0.1111111111111111,2,18,0.1,0.7777777777777778,5.033333333333333,9.078749951588586,4.68213122712422,0.0122062514259639,0.3551401869158878,180,2,1.0986122886681098,0.0186915887850467,0.000228154232261
75,363,0.8666666666666667,google/leveldb,37935,8034,C++,54,2,-0.2547209181011998,0.4507042253521127,1,0.0055555555555555,0.0055555555555555,1,5,0.0277777777777777,0.0,1.8,10.543655808305187,4.007333185232471,0.0014234875444839,0.0185185185185185,180,1,0.6931471805599453,0.0185185185185185,2.6360880453407144e-05
75,1237,0.8421052631578947,facebook/rocksdb,30142,6559,C++,298,2,-0.173622668207132,0.1159574468085106,252,1.4,0.6555555555555556,36,19,0.1055555555555555,0.1578947368421052,0.7368421052631579,10.313708002728152,5.700443573390687,0.0098865370579258,0.8456375838926175,180,36,3.610917912644224,0.1208053691275167,0.0011943467586756
75,359,0.7115384615384616,zeromq/libzmq,10392,2429,C++,361,3,-0.136035728769742,0.2065442317640972,7,0.0388888888888888,0.0277777777777777,7,30,0.1666666666666666,0.3,3.5961538461538463,9.248887781588422,5.8916442118257715,0.0347382602001539,0.0193905817174515,180,7,2.0794415416798357,0.0193905817174515,0.0006735950731331
75,138,0.8275862068965517,libevent/libevent,11603,3445,C,255,3,-0.0965579818288183,0.4457073269738177,3,0.0166666666666666,0.0166666666666666,3,17,0.0944444444444444,0.1176470588235294,1.5517241379310345,9.359105145241294,5.545177444479562,0.0219770748944238,0.0117647058823529,180,3,1.3862943611198906,0.0117647058823529,0.0002585538222873
60,3,0.0,FFmpeg/FFmpeg,51547,12866,C,314,1,-0.1253064987888683,0.2874267731784071,2000,11.11111111111111,1.4166666666666667,110,0,0.0,0.0,0.0,10.850268691408282,5.752572638825633,0.0060915281199681,6.369426751592357,180,110,4.709530201312334,0.3503184713375796,0.0021339748190971
85,9429,0.4096385542168674,golang/go,129113,18276,Go,383,1,-0.1750942533703821,0.1327080352569198,1430,7.944444444444445,1.6166666666666667,202,83,0.4611111111111111,0.5903614457831325,3.0602409638554215,11.7684510140226,5.950642552587727,0.0029663937790927,3.733681462140992,180,202,5.313205979041787,0.5274151436031331,0.0015645210009836
85,2497,0.7878787878787878,kubernetes/kubernetes,116572,41031,Go,346,1,-0.2975790182926621,0.2881324469504484,2000,11.11111111111111,0.8222222222222222,214,33,0.1833333333333333,0.2121212121212121,4.666666666666667,11.666272965192228,5.849324779946859,0.0029681227052808,5.780346820809249,180,214,5.3706380281276624,0.6184971098265896,0.0018357753148268
75,3622,0.8888888888888888,moby/moby,70377,18787,Go,398,1,-0.1318578406069901,0.2410606669345118,2000,11.11111111111111,1.0,46,18,0.1,0.1111111111111111,0.5,11.161635993307836,5.988961416889864,0.005655256688975,5.025125628140704,180,46,3.8501476017100584,0.1155778894472361,0.0006536226323941
85,696,0.6451612903225806,prometheus/prometheus,59669,9676,Go,352,2,-0.1551811668855115,0.1291487400122925,863,4.794444444444444,0.8333333333333334,120,31,0.1722222222222222,0.3548387096774194,1.1290322580645162,10.996584660516127,5.8664680569332965,0.0058992106453937,2.4517045454545454,180,120,4.795790545596741,0.3409090909090909,0.0020110945382024
75,3765,1.0,grafana/grafana,69200,12795,TypeScript,373,1,-0.2480354732639288,0.1828506124781257,2000,11.11111111111111,0.4666666666666667,238,26,0.1444444444444444,0.0,0.5384615384615384,11.1447705923684,5.924255797414532,0.0053901734104046,5.361930294906166,180,238,5.476463551931511,0.6380697050938338,0.0034393063583815
75,3622,0.8888888888888888,moby/moby,70377,18787,Go,398,1,-0.1318578406069901,0.2410606669345118,2000,11.11111111111111,1.0,46,18,0.1,0.1111111111111111,0.5,11.161635993307836,5.988961416889864,0.005655256688975,5.025125628140704,180,46,3.8501476017100584,0.1155778894472361,0.0006536226323941
85,846,0.7272727272727273,helm/helm,28280,7288,Go,373,3,-0.183557303024112,0.177760497667185,657,3.65,0.9111111111111112,70,33,0.1833333333333333,0.2727272727272727,2.909090909090909,10.24994548006426,5.924255797414532,0.0131895332390381,1.7613941018766757,180,70,4.2626798770413155,0.1876675603217158,0.0024752475247524
85,1950,0.5,hashicorp/terraform,45944,9948,Go,357,2,-0.1340100803018959,0.1356536219816819,572,3.1777777777777776,0.6333333333333333,72,24,0.1333333333333333,0.5,2.125,10.735200307934983,5.8805329864007,0.0077703290962911,1.6022408963585435,180,72,4.290459441148391,0.2016806722689075,0.0015671251958906
85,293,0.5625,etcd-io/etcd,49919,10117,Go,373,2,-0.0970483808945277,0.2153218272114864,1046,5.811111111111111,0.9944444444444444,58,16,0.0888888888888888,0.4375,4.4375,10.81817700304331,5.924255797414532,0.0074721048097918,2.804289544235925,180,58,4.07753744390572,0.1554959785522788,0.0011618822492437
85,2126,0.625,influxdata/influxdb,30382,3635,Rust,318,0,-0.14307574163354,0.0534901527074737,249,1.3833333333333333,0.6166666666666667,15,40,0.2222222222222222,0.375,2.3,10.321638520451476,5.765191102784844,0.0104667237179909,0.7830188679245284,180,15,2.772588722239781,0.0471698113207547,0.000493713382924
85,440,0.8095238095238095,containerd/containerd,19040,3618,Go,428,4,-0.1018953886286061,0.1240382685488726,669,3.716666666666667,0.85,64,21,0.1166666666666666,0.1904761904761904,3.238095238095238,9.85434982797458,6.061456918928017,0.0224789915966386,1.5630841121495327,180,64,4.174387269895637,0.1495327102803738,0.0033613445378151
75,545,0.6538461538461539,istio/istio,37079,8024,Go,366,2,-0.1841325524072979,0.1636071285006029,790,4.388888888888889,0.9833333333333332,100,26,0.1444444444444444,0.3461538461538461,0.8846153846153846,10.520833019679792,5.905361848054571,0.0098708163650583,2.158469945355191,180,100,4.61512051684126,0.273224043715847,0.0026969443620378
75,7509,0.8382352941176471,cockroachdb/cockroach,31124,3939,Go,320,0,-0.1823074673827095,0.0731813389562467,2000,11.11111111111111,0.5555555555555556,95,68,0.3777777777777777,0.1617647058823529,0.6470588235294118,10.345766633767008,5.771441123130016,0.0102814548258578,6.25,180,95,4.564348191467836,0.296875,0.0030523069014265
70,1311,1.0,hashicorp/consul,29162,4495,Go,355,0,-0.1663872038755885,0.0957322884676479,86,0.4777777777777778,0.3111111111111111,32,3,0.0166666666666666,0.0,0.3333333333333333,10.28065606148918,5.87493073085203,0.0121733763116384,0.2422535211267605,180,32,3.49650756146648,0.0901408450704225,0.0010973184280913
75,1354,1.0,hashicorp/vault,32819,4416,Go,391,1,-0.1708675487939702,0.2160562929793699,847,4.705555555555556,0.7333333333333333,123,14,0.0777777777777777,0.0,0.2857142857142857,10.398793364644082,5.971261839790462,0.0119138304031201,2.166240409207161,180,123,4.820281565605037,0.3145780051150895,0.003747829001493
85,28,0.5217391304347826,flannel-io/flannel,9199,2889,Go,228,2,-0.2059065052588072,0.1779293242405455,101,0.5611111111111111,0.2388888888888889,12,21,0.1166666666666666,0.4761904761904761,2.0,9.126958763037132,5.43372200355424,0.0247853027502989,0.4429824561403508,180,12,2.5649493574615367,0.0526315789473684,0.0013044896184367
80,864,0.5882352941176471,gin-gonic/gin,83346,8278,Go,438,2,-0.2732566068614377,0.2505530973451327,65,0.3611111111111111,0.1388888888888889,32,34,0.1888888888888888,0.4117647058823529,1.9705882352941175,11.330767894729744,6.0844994130751715,0.0052552012094161,0.1484018264840182,180,32,3.49650756146648,0.0730593607305936,0.0003839416408705
85,1504,0.8333333333333334,tensorflow/tensorflow,190935,74769,C++,410,1,-0.326163324714202,0.3687127199268389,2000,11.11111111111111,0.3388888888888889,213,6,0.0333333333333333,0.1666666666666666,1.3333333333333333,12.15969357234338,6.018593214496234,0.0021473276245842,4.878048780487805,180,213,5.365976015021851,0.5195121951219512,0.0011155628878937
75,16657,0.9444444444444444,pytorch/pytorch,91836,24788,Python,321,0,-0.4248364641905197,0.0549657222592974,2000,11.11111111111111,0.2777777777777778,339,36,0.2,0.0555555555555555,0.8888888888888888,11.427770545514637,5.7745515455444085,0.0034953612962237,6.230529595015576,180,339,5.8289456176102075,1.0560747663551402,0.0036913628642362
85,1897,0.8518518518518519,huggingface/transformers,147574,29808,Python,436,0,-0.2114994964963329,0.0874068460275356,1903,10.572222222222225,0.7888888888888889,529,27,0.15,0.1481481481481481,1.7777777777777777,11.90209180010889,6.07993319509559,0.002954449970862,4.364678899082569,180,529,6.272877006546167,1.213302752293578,0.0035846422811606
75,16,0.5454545454545454,microsoft/ML-For-Beginners,75761,16747,HTML,128,1,-0.2256131819590824,0.4457532548047117,13,0.0722222222222222,0.05,4,11,0.0611111111111111,0.4545454545454545,2.5454545454545454,11.235352126666736,4.859812404361672,0.0016895236335317,0.1015625,180,4,1.6094379124341005,0.03125,5.279761354786764e-05
50,89,0.0,openai/whisper,85679,10502,Python,78,1,-0.5216006216006216,0.4363636363636363,12,0.0666666666666666,0.0166666666666666,8,0,0.0,0.0,0.0,11.35837470512163,4.3694478524670215,0.0009103747709473,0.1538461538461538,180,8,2.1972245773362196,0.1025641025641025,9.337177137921778e-05
75,296,0.782608695652174,keras-team/keras,63259,19593,Python,405,1,-0.1887494288837697,0.3785119162952916,304,1.6888888888888889,0.6888888888888889,75,23,0.1277777777777777,0.217391304347826,1.0,11.05500849685964,6.0063531596017325,0.0064022510630898,0.7506172839506173,180,75,4.330733340286331,0.1851851851851851,0.0011856020487203
60,195,0.0,apache/spark,41554,28702,Scala,335,0,-0.2909942995684758,0.0514699938020426,1530,8.5,0.9388888888888888,196,0,0.0,0.0,0.0,10.634773129987126,5.817111159963204,0.0080617991047793,4.567164179104478,180,196,5.2832037287379885,0.5850746268656717,0.0047167541030947
85,1239,0.8611111111111112,streamlit/streamlit,40621,3614,Python,270,3,-0.1079276372081652,0.1615841584158416,1003,5.572222222222222,0.85,53,36,0.2,0.1388888888888889,2.388888888888889,10.61206507075143,5.602118820879701,0.006646808301125,3.714814814814815,180,53,3.9889840465642745,0.1962962962962963,0.0013047438517023
75,1916,0.5,mlflow/mlflow,21354,4708,Python,453,1,-0.1328741264932075,0.2984476067270375,1177,6.538888888888889,0.8,93,14,0.0777777777777777,0.5,0.9285714285714286,9.969041183275566,6.118097198041348,0.0212138241078954,2.598233995584989,180,93,4.543294782270004,0.2052980132450331,0.0043551559426805
75,2981,1.0,ray-project/ray,38216,6653,Python,413,0,-0.1928073771435587,0.0539884252701444,2000,11.11111111111111,0.8055555555555556,217,26,0.1444444444444444,0.0,0.3461538461538461,10.551035721777897,6.025865973825314,0.0108069918358802,4.842615012106537,180,217,5.384495062789089,0.5254237288135594,0.0056782499476658
85,465,0.4827586206896552,dmlc/xgboost,27166,8794,C++,402,2,-0.1028230824517099,0.2529510961214165,172,0.9555555555555556,0.4888888888888889,19,29,0.1611111111111111,0.5172413793103449,4.379310344827586,10.20975828042422,5.998936561946683,0.0147979091511448,0.4278606965174129,180,19,2.995732273553991,0.0472636815920398,0.0006994036663476
85,639,0.725,catboost/catboost,8488,1231,C++,195,1,-0.1337855715628222,0.4379670264500059,559,3.1055555555555556,0.8722222222222222,83,76,0.4222222222222222,0.2631578947368421,1.2875,9.046526486737967,5.278114659230517,0.0229736098020735,2.8666666666666667,180,83,4.430816798843313,0.4256410256410256,0.0097785108388312
80,459,0.6206896551724138,microsoft/LightGBM,17432,3918,C++,317,3,-0.1257482085693657,0.2398140552365326,52,0.2888888888888888,0.2166666666666666,13,58,0.3222222222222222,0.3793103448275862,2.5172413793103448,9.766120240743216,5.762051382780177,0.018184947223497,0.1640378548895899,180,13,2.6390573296152584,0.0410094637223974,0.0007457549334557
85,63,0.5333333333333333,optuna/optuna,12369,1139,Python,271,0,-0.1543715539664163,0.096088481251686,724,4.022222222222222,0.6833333333333333,52,15,0.0833333333333333,0.4666666666666667,2.1333333333333333,9.423029465386534,5.605802066295998,0.0219096127415312,2.6715867158671585,180,52,3.970291913552122,0.1918819188191882,0.0042040585334303
75,12053,0.6216216216216216,microsoft/vscode,175073,34001,TypeScript,328,1,-0.0864329244449124,0.1068305882720973,2000,11.11111111111111,0.3222222222222222,126,74,0.4111111111111111,0.3783783783783784,0.8648648648648649,12.07296402066962,5.796057750765372,0.0018735041953927,6.097560975609756,180,126,4.844187086458591,0.3841463414634146,0.0007196997823764
85,1972,0.6333333333333333,neovim/neovim,91447,6211,Vim Script,434,2,-0.106913530969919,0.1652283464566929,1674,9.3,1.1166666666666667,147,30,0.1666666666666666,0.3666666666666666,2.433333333333333,11.423525783705614,6.075346031088684,0.0047459184008223,3.857142857142857,180,147,4.997212273764115,0.3387096774193548,0.0016074884906011
75,1467,0.7,prettier/prettier,50772,4538,JavaScript,431,3,-0.0806346181283804,0.2220646337757066,509,2.827777777777778,0.65,36,40,0.2222222222222222,0.3,0.8,10.835119996209482,6.068425588244111,0.008488930906799,1.1809744779582367,180,36,3.610917912644224,0.0835266821345707,0.0007090522335145
85,92,0.4186046511627907,eslint/eslint,26135,4766,JavaScript,414,1,-0.1350489137632216,0.3032181168057211,335,1.8611111111111112,0.6722222222222223,50,43,0.2388888888888889,0.5813953488372093,3.1627906976744184,10.171068953280908,6.028278520230698,0.0158408264779031,0.8091787439613527,180,50,3.9318256327243257,0.1207729468599033,0.0019131432944327
85,753,0.2142857142857142,babel/babel,43667,5724,TypeScript,411,1,-0.0907489412399612,0.3453359962406015,270,1.5,0.5888888888888889,23,28,0.1555555555555555,0.7857142857142857,3.642857142857143,10.68437084740016,6.021023349349527,0.0094121418920466,0.656934306569343,180,23,3.1780538303479458,0.0559610705596107,0.0005267135365378
80,28,0.2916666666666667,postcss/postcss,28827,1578,TypeScript,382,1,-0.1210840271221354,0.7608047690014903,41,0.2277777777777777,0.1055555555555555,15,21,0.1166666666666666,0.7142857142857143,3.3333333333333335,10.269102416044332,5.948034989180646,0.0132514656398515,0.1073298429319371,180,15,2.772588722239781,0.0392670157068062,0.0005203455094182
85,167,0.3333333333333333,stylelint/stylelint,11304,971,JavaScript,418,4,-0.1021442469176976,0.2386879484551178,234,1.3,0.4111111111111111,26,24,0.1333333333333333,0.6666666666666666,2.375,9.33300038471207,6.037870919922137,0.0369780608634111,0.5598086124401914,180,26,3.295836866004329,0.062200956937799,0.0023000707714083
85,250,0.7096774193548387,facebook/watchman,13210,1027,C++,291,2,-0.1307163313031257,0.4258248279136007,264,1.4666666666666666,0.9,56,14,0.0777777777777777,0.2142857142857142,10.612903225806452,9.488805094878352,5.676753802268282,0.0220287660862982,0.9072164948453608,180,56,4.04305126783455,0.1924398625429553,0.0042392127176381
80,100,0.1842105263157894,shelljs/shelljs,14364,738,JavaScript,84,2,-0.1813818747838118,0.4406779661016949,46,0.2555555555555555,0.1,5,10,0.0555555555555555,0.7,5.526315789473684,9.57254997141339,4.442651256490317,0.0058479532163742,0.5476190476190477,180,5,1.791759469228055,0.0595238095238095,0.0003480924533556
85,12050,0.6730769230769231,flutter/flutter,171565,28906,Dart,382,2,-0.1514821241938401,0.2425290518675732,2000,11.11111111111111,0.7388888888888889,210,52,0.2888888888888888,0.3269230769230769,1.0769230769230769,12.052723311206492,5.948034989180646,0.002226561361583,5.2356020942408374,180,210,5.351858133476067,0.5497382198952879,0.0012240258794043
85,1061,0.631578947368421,facebook/react-native,123180,24769,C++,308,0,-0.2784421272563565,0.0537691842039668,2000,11.11111111111111,0.6055555555555555,163,19,0.1055555555555555,0.3684210526315789,3.4210526315789473,11.72141009740909,5.733341276897746,0.0025004059100503,6.4935064935064934,180,163,5.099866427824199,0.5292207792207793,0.001323266764085
85,587,0.7741935483870968,ionic-team/ionic-framework,51928,13441,TypeScript,395,4,-0.0670091246428944,0.1777538571941155,190,1.0555555555555556,0.3555555555555555,24,31,0.1722222222222222,0.2258064516129032,1.3225806451612905,10.857632679961252,5.981414211254481,0.0076066861808658,0.4810126582278481,180,24,3.218875824868201,0.060759493670886,0.0004621784008627
65,49,0.1578947368421052,apache/cordova,667,69,,9,4,-0.9024943310657596,0.2448979591836734,1,0.0055555555555555,0.0055555555555555,1,5,0.0277777777777777,0.8,3.4210526315789473,6.504288173536645,2.302585092994046,0.0134932533733133,0.1111111111111111,180,1,0.6931471805599453,0.1111111111111111,0.0014992503748125
70,914,0.64,NativeScript/NativeScript,24915,1670,TypeScript,233,2,-0.1369168783393185,0.1310204081632653,76,0.4222222222222222,0.2222222222222222,5,20,0.1111111111111111,0.3,0.92,10.123265446374036,5.455321115357702,0.0093517961067629,0.3261802575107296,180,5,1.791759469228055,0.0214592274678111,0.0002006823198876
85,797,0.2,expo/expo,42010,7739,TypeScript,404,1,-0.0985152971614681,0.1162909033975262,2000,11.11111111111111,0.8722222222222222,228,25,0.1388888888888889,0.8,1.32,10.645686767736343,6.003887067106539,0.0096167579147821,4.9504950495049505,180,228,5.43372200355424,0.5643564356435643,0.0054272792192335
75,221,0.8275862068965517,framework7io/framework7,18418,3227,JavaScript,144,1,-0.0585385192717412,0.9032539221382916,6,0.0333333333333333,0.0333333333333333,2,20,0.1111111111111111,0.2,1.827586206896552,9.821138019519102,4.976733742420574,0.0078184384840916,0.0416666666666666,180,2,1.0986122886681098,0.0138888888888888,0.0001085894233901
80,1972,0.3243243243243243,jupyter/notebook,12453,5310,Jupyter Notebook,370,4,-0.0927597284332226,0.2261478717733952,43,0.2388888888888889,0.1555555555555555,10,37,0.2055555555555555,0.6756756756756757,2.864864864864865,9.429797135432397,5.916202062607435,0.0297117160523568,0.1162162162162162,180,10,2.3978952727983707,0.027027027027027,0.0008030193527664
85,725,0.7666666666666667,plotly/plotly.js,17756,1916,JavaScript,238,3,-0.0852223716864364,0.2505134236959038,444,2.466666666666667,0.45,22,60,0.3333333333333333,0.2333333333333333,1.5,9.784535083358834,5.476463551931511,0.0134039198017571,1.865546218487395,180,22,3.1354942159291497,0.0924369747899159,0.001239017796801
85,780,0.5769230769230769,apache/superset,67308,15398,TypeScript,424,1,-0.1433341091593321,0.1523890118474157,813,4.516666666666667,0.8111111111111111,151,26,0.1444444444444444,0.4230769230769231,2.1538461538461537,11.117049236260913,6.052089168924417,0.0062993997741724,1.9174528301886793,180,151,5.0238805208462765,0.3561320754716981,0.0022434183158019
85,1510,0.8888888888888888,apache/airflow,41273,15377,Python,414,1,-0.2010591851058941,0.1571711435723091,2000,11.11111111111111,0.5111111111111111,244,18,0.1,0.1111111111111111,1.0555555555555556,10.627988040754069,6.028278520230698,0.0100307707217793,4.830917874396135,180,244,5.501258210544727,0.5893719806763285,0.0059118552080052
85,1180,0.8125,dask/dask,13366,1790,Python,415,1,-0.1054359476604938,0.3292617014376824,156,0.8666666666666667,0.3333333333333333,19,48,0.2666666666666666,0.1875,1.1458333333333333,9.500544261971474,6.030685260261263,0.031048930121203,0.3759036144578313,180,19,2.995732273553991,0.0457831325301204,0.0014215172826574
85,837,0.6842105263157895,bokeh/bokeh,19992,4222,TypeScript,385,2,-0.0655852551518412,0.3838889201191747,127,0.7055555555555556,0.3666666666666666,16,57,0.3166666666666666,0.3157894736842105,1.3157894736842106,9.903137491271831,5.955837369464831,0.0192577030812324,0.3298701298701298,180,16,2.833213344056216,0.0415584415584415,0.0008003201280512
80,159,0.5319148936170213,vega/altair,9908,811,Python,159,1,-0.1038790990586808,0.5381770145310436,35,0.1944444444444444,0.1111111111111111,15,31,0.1722222222222222,0.3548387096774194,3.3404255319148937,9.2011987140589,5.075173815233827,0.0160476382721033,0.220125786163522,180,15,2.772588722239781,0.0943396226415094,0.0015139281388776
85,1285,0.8333333333333334,pydata/xarray,3924,1165,Python,418,1,-0.1441224640290854,0.2903225806451613,267,1.4833333333333334,0.55,66,36,0.2,0.1666666666666666,2.638888888888889,8.275121630216509,6.037870919922137,0.1065239551478083,0.638755980861244,180,66,4.204692619390966,0.1578947368421052,0.0168195718654434
85,1102,0.7857142857142857,rapidsai/cudf,9075,960,C++,257,0,-0.1677442490890998,0.079716805365793,1129,6.272222222222222,0.7722222222222223,59,14,0.0777777777777777,0.2142857142857142,1.4285714285714286,9.113388845899731,5.552959584921617,0.0283195592286501,4.392996108949417,180,59,4.0943445622221,0.2295719844357976,0.0065013774104683
85,11452,0.8846153846153846,rust-lang/rust,105358,13584,Rust,449,1,-0.2404109551759627,0.1795202446265931,2000,11.11111111111111,0.3944444444444444,205,26,0.1444444444444444,0.1153846153846153,1.5384615384615383,11.565128845104088,6.1092475827643655,0.00426166024412,4.4543429844097995,180,205,5.327876168789581,0.4565701559020044,0.0019457468820592
85,2322,0.6170212765957447,denoland/deno,103715,5661,Rust,426,3,-0.1222619663001418,0.1592659719075668,997,5.538888888888889,0.8555555555555555,106,47,0.2611111111111111,0.3829787234042553,1.5106382978723405,11.54941167354064,6.056784013228625,0.0041074097285831,2.34037558685446,180,106,4.672828834461906,0.2488262910798122,0.0010220315287084
85,3171,0.8666666666666667,servo/servo,31089,3210,Rust,411,0,-0.1691966275336239,0.0862206746960442,1878,10.433333333333334,0.9944444444444444,106,30,0.1666666666666666,0.1333333333333333,1.3,10.3446415030528,6.021023349349527,0.0132201100067548,4.569343065693431,180,106,4.672828834461906,0.2579075425790754,0.0034095660844671
85,400,0.5151515151515151,tokio-rs/tokio,29177,2701,Rust,439,2,-0.2235955306055667,0.1801952580195258,148,0.8222222222222222,0.4444444444444444,66,33,0.1833333333333333,0.4848484848484848,3.0303030303030303,10.28117027963184,6.0867747269123065,0.0150460979538677,0.337129840546697,180,66,4.204692619390966,0.1503416856492027,0.0022620557288275
80,336,0.7049180327868853,serde-rs/serde,9851,841,Rust,175,2,-0.0841879533270261,0.6276674025018396,36,0.2,0.0722222222222222,6,34,0.1888888888888888,0.3529411764705882,3.80327868852459,9.195429759240428,5.170483995038151,0.0177646939397015,0.2057142857142857,180,6,1.9459101490553132,0.0342857142857142,0.0006090752207897
85,370,0.52,clap-rs/clap,15333,1113,Rust,417,2,-0.0901699253742657,0.4506739830609567,194,1.0777777777777775,0.3444444444444444,25,50,0.2777777777777778,0.48,2.24,9.63782786411884,6.035481432524756,0.0271962433965955,0.4652278177458033,180,25,3.258096538021482,0.0599520383693045,0.0016304702276136
85,147,0.0454545454545454,diesel-rs/diesel,13503,1138,Rust,397,2,-0.1364457634186615,0.3153674832962138,268,1.488888888888889,0.5777777777777777,41,22,0.1222222222222222,0.9545454545454546,2.8181818181818183,9.510741216835738,5.986452005284438,0.0294008738798785,0.6750629722921915,180,41,3.737669618283368,0.1032745591939546,0.0030363622898615
85,247,0.55,actix/actix-web,23303,1760,Rust,356,2,-0.1024272045274432,0.5354824751189962,103,0.5722222222222222,0.1611111111111111,13,20,0.1111111111111111,0.45,1.15,10.05638029863927,5.877735781779639,0.0152770029609921,0.2893258426966292,180,13,2.6390573296152584,0.0365168539325842,0.0005578680856542
75,243,0.4,hyperium/hyper,15415,1661,Rust,393,1,-0.1831502227702469,0.6110520722635494,15,0.0833333333333333,0.0611111111111111,9,38,0.2111111111111111,0.7368421052631579,4.923076923076923,9.643161210094204,5.976350909297934,0.0254946480700616,0.0381679389312977,180,9,2.302585092994046,0.0229007633587786,0.0005838469023678
75,383,0.85,drager/wasm-pack,6752,447,Rust,140,2,-0.2089055910024873,0.364118092354277,3,0.0166666666666666,0.0055555555555555,2,29,0.1611111111111111,0.1379310344827586,4.55,8.817742129574842,4.948759890378168,0.0207345971563981,0.0214285714285714,180,2,1.0986122886681098,0.0142857142857142,0.0002962085308056
55,31,0.0,laravel/laravel,81636,24436,Blade,398,1,-0.1013064265360593,0.7013124151455725,59,0.3277777777777778,0.2611111111111111,26,0,0.0,0.0,0.0,11.310037869555806,5.988961416889864,0.0048753001126953,0.1482412060301507,180,26,3.295836866004329,0.0653266331658291,0.0003184869420353
85,872,0.4137931034482758,symfony/symfony,30460,9656,PHP,363,2,-0.0918947480159439,0.3968317655625399,1773,9.85,1.238888888888889,201,29,0.1611111111111111,0.5862068965517241,1.3793103448275863,10.324202455851168,5.8971538676367405,0.0119172685489166,4.884297520661157,180,201,5.308267697401205,0.5537190082644629,0.0065988181221273
85,155,0.4117647058823529,composer/composer,29053,4665,PHP,381,1,-0.1279344360630692,0.6411098625637479,108,0.6,0.1666666666666666,27,51,0.2833333333333333,0.5882352941176471,2.4901960784313726,10.276911446432829,5.945420608606575,0.0131139641345127,0.2834645669291338,180,27,3.332204510175204,0.0708661417322834,0.0009293360410284
85,1279,0.5263157894736842,doctrine/orm,10080,2545,PHP,320,3,-0.1367687938923175,0.2000425622472866,226,1.2555555555555555,0.4555555555555555,31,19,0.1055555555555555,0.4736842105263157,2.263157894736842,9.21840774305394,5.771441123130016,0.0317460317460317,0.70625,180,31,3.4657359027997265,0.096875,0.0030753968253968
75,30,0.2156862745098039,guzzle/guzzle,23414,2391,PHP,349,1,-0.1269684040646124,0.6779089376053963,6,0.0333333333333333,0.0166666666666666,2,15,0.0833333333333333,0.5333333333333333,4.647058823529412,10.061132121617645,5.857933154483459,0.0149056120269923,0.0171919770773638,180,2,1.0986122886681098,0.0057306590257879,8.541898009737763e-05
85,124,0.2448979591836734,sebastianbergmann/phpunit,19888,2218,PHP,392,1,-0.0435653355651638,0.8470923501647519,1038,5.766666666666667,0.6388888888888888,16,49,0.2722222222222222,0.7551020408163265,2.1020408163265305,9.897922094063247,5.973809611869261,0.0197103781174577,2.6479591836734695,180,16,2.833213344056216,0.0408163265306122,0.0008045052292839
85,56,0.2916666666666667,cakephp/cakephp,8756,3400,PHP,351,3,-0.0709469105168029,0.4215770609318996,243,1.35,0.6277777777777778,30,24,0.1333333333333333,0.7083333333333334,3.6666666666666665,9.077608659522223,5.863631175598097,0.040086797624486,0.6923076923076923,180,30,3.4339872044851463,0.0854700854700854,0.0034262220191868
85,1324,0.3846153846153846,rails/rails,57201,21901,Ruby,364,1,-0.1966353712966197,0.1168625980772835,962,5.344444444444444,1.0277777777777777,200,13,0.0722222222222222,0.6153846153846154,2.076923076923077,10.954344141791593,5.8998973535824915,0.0063635251131973,2.642857142857143,180,200,5.303304908059076,0.5494505494505495,0.0034964423698886
80,216,0.4878048780487805,jekyll/jekyll,50377,10150,Ruby,389,2,-0.1041508418551494,0.361819235225956,24,0.1333333333333333,0.0444444444444444,11,32,0.1777777777777777,0.53125,2.731707317073171,10.82730985082563,5.966146739123692,0.0077217777954225,0.0616966580976863,180,11,2.4849066497880004,0.0282776349614395,0.0002183536137523
85,290,0.5454545454545454,rubygems/rubygems,3788,1827,Ruby,356,2,-0.1039976558223422,0.2579208097223707,788,4.377777777777778,0.8,47,11,0.0611111111111111,0.4545454545454545,3.8181818181818183,8.239857411018601,5.877735781779639,0.0939809926082365,2.2134831460674156,180,47,3.871201010907891,0.1320224719101123,0.0124076029567053
75,41,0.5,sinatra/sinatra,12328,2070,Ruby,367,1,-0.1586864999800067,0.3645178197064989,7,0.0388888888888888,0.0333333333333333,5,12,0.0666666666666666,0.4166666666666667,5.6875,9.419709489868552,5.908082938168931,0.0297696301103179,0.0190735694822888,180,5,1.791759469228055,0.0136239782016348,0.0004055807916937
80,105,0.5135135135135135,puma/puma,7775,1465,Ruby,401,3,-0.1723760497999334,0.3227329974811083,27,0.15,0.1,10,18,0.1,0.3888888888888889,9.702702702702704,8.958797346140274,5.996452088619021,0.0515755627009646,0.0673316708229426,180,10,2.3978952727983707,0.0249376558603491,0.0012861736334405
85,50,0.2432432432432432,sidekiq/sidekiq,13346,2454,Ruby,420,1,-0.1285249977533475,0.7139861606206752,107,0.5944444444444444,0.3111111111111111,27,74,0.4111111111111111,0.7567567567567568,2.6621621621621623,9.499046919474152,6.042632833682381,0.0314701034017683,0.2547619047619047,180,27,3.332204510175204,0.0642857142857142,0.0020230780758279
75,8420,0.9473684210526316,swiftlang/swift,68892,10506,C++,342,1,-0.1374300472833756,0.2072728324702751,2000,11.11111111111111,0.6222222222222222,106,19,0.1055555555555555,0.0526315789473684,0.631578947368421,11.140309855323784,5.8377304471659395,0.0049642919352029,5.847953216374269,180,106,4.672828834461906,0.3099415204678362,0.001538640190443
75,51,0.2857142857142857,Alamofire/Alamofire,42026,7624,Swift,245,3,-0.1764062953567326,0.4755720470006184,1,0.0055555555555555,0.0055555555555555,1,24,0.1333333333333333,0.6666666666666666,4.942857142857143,10.646067547864224,5.5053315359323625,0.0058297244562889,0.0040816326530612,180,1,0.6931471805599453,0.0040816326530612,2.379479369913863e-05
75,476,0.8412698412698413,realm/realm-swift,16527,2200,Objective-C,136,2,-0.1012128123160217,0.2850996164998597,14,0.0777777777777777,0.05,4,37,0.2055555555555555,0.1351351351351351,4.603174603174603,9.71281119135942,4.919980925828125,0.0082289586736854,0.1029411764705882,180,4,1.6094379124341005,0.0294117647058823,0.0002420281962848
75,134,0.5555555555555556,SwiftyJSON/SwiftyJSON,22892,3449,Swift,136,3,-0.2637946204122675,0.2236467236467236,11,0.0611111111111111,0.0111111111111111,3,2,0.0111111111111111,0.5,2.5555555555555554,10.038586465957742,4.919980925828125,0.0059409400663987,0.0808823529411764,180,3,1.3862943611198906,0.0220588235294117,0.0001310501485235
75,54,0.5333333333333333,SnapKit/SnapKit,20219,2018,Swift,79,1,-0.2131087334426952,0.7640232108317214,1,0.0055555555555555,0.0055555555555555,1,9,0.05,0.5555555555555556,1.8666666666666667,9.914427492574465,4.382026634673881,0.0039072159849646,0.0126582278481012,180,1,0.6931471805599453,0.0126582278481012,4.945843018942579e-05
80,111,0.3666666666666666,vapor/vapor,25432,1493,Swift,243,3,-0.0859552113236871,0.4792786544130397,19,0.1055555555555555,0.0888888888888888,10,24,0.1333333333333333,0.5833333333333334,2.0,10.143802822358657,5.497168225293202,0.0095548914753067,0.0781893004115226,180,10,2.3978952727983707,0.0411522633744856,0.0003932054105064
60,83,0.0,mongodb/mongo,27369,5657,C++,311,0,-0.3759504658344651,0.0904129597662993,2000,11.11111111111111,0.4333333333333333,207,0,0.0,0.0,0.0,10.217202802034723,5.7430031878094825,0.0113632211626292,6.430868167202572,180,207,5.337538079701318,0.6655948553054662,0.0075633015455442
60,0,0.0,postgres/postgres,18120,5025,C,42,3,-0.3012287161291601,0.2866310531427778,1447,8.03888888888889,0.9777777777777776,31,0,0.0,0.0,0.0,9.804826765712155,3.7612001156935624,0.0023178807947019,34.45238095238095,180,31,3.4657359027997265,0.7380952380952381,0.0017108167770419
60,5,0.0,mysql/mysql-server,11561,4079,C++,103,0,-0.3500074192211686,0.0894826219857353,1305,7.25,0.8166666666666667,113,0,0.0,0.0,0.0,9.35547913764242,4.6443908991413725,0.0089092639045065,12.669902912621358,180,113,4.736198448394496,1.0970873786407769,0.0097742409826139
60,244,0.0,MariaDB/server,6223,1842,C++,75,1,-0.351563631271225,0.134334628715471,748,4.155555555555556,1.1722222222222225,66,0,0.0,0.0,0.0,8.736168065858228,4.330733340286331,0.0120520649204563,9.973333333333333,180,66,4.204692619390966,0.88,0.0106058171300016
60,538,0.0,apache/cassandra,9294,3723,Java,272,2,-0.103677015755329,0.2233178869323447,739,4.105555555555555,1.6055555555555556,60,0,0.0,0.0,0.0,9.137231900155545,5.60947179518496,0.0292661932429524,2.7169117647058822,180,60,4.110873864173311,0.2205882352941176,0.0064557779212395
85,2420,0.8571428571428571,saltstack/salt,14668,5535,Python,287,2,-0.1620474205237439,0.1958652410537976,910,5.055555555555555,1.3666666666666667,62,42,0.2333333333333333,0.1428571428571428,1.3333333333333333,9.593491702487762,5.662960480135946,0.0195664030542677,3.1707317073170733,180,62,4.143134726391533,0.2160278745644599,0.004226888464685
75,396,1.0,chef/chef,7893,2524,Ruby,294,3,-0.1127821380680628,0.2131630648330059,207,1.15,0.3944444444444444,31,1,0.0055555555555555,0.0,0.0,8.973858256222792,5.68697535633982,0.0372481946028126,0.7040816326530612,180,31,3.4657359027997265,0.1054421768707483,0.0039275307234258
85,303,0.3611111111111111,hashicorp/packer,15418,3333,Go,358,2,-0.15001577066493,0.1937998660088921,111,0.6166666666666667,0.3166666666666666,21,36,0.2,0.6388888888888888,3.7222222222222223,9.643355794171352,5.883322388488279,0.0232196134388377,0.3100558659217877,180,21,3.091042453358316,0.0586592178770949,0.0013620443637307
